date,strategy_equity,bnh_equity,position,strategy_return
2022-09-26,0.999,1.0223550542393465,1.0,-0.001
2022-09-27,0.99027566712295,1.0144491151877615,0.0,-0.00873306594299295
2022-09-28,0.99027566712295,1.0321916183966082,0.0,0.0
2022-09-29,0.99027566712295,1.0416926759601817,0.0,0.0
2022-09-30,0.99027566712295,1.0327121587376873,0.0,-0.0
2022-10-01,0.99027566712295,1.0267751276360666,0.0,-0.0
2022-10-02,0.99027566712295,1.0132618153086717,0.0,-0.0
2022-10-03,0.99027566712295,1.043690296043362,0.0,0.0
2022-10-04,0.99027566712295,1.0813744391829168,0.0,0.0
2022-10-05,0.99027566712295,1.0718271231824956,0.0,-0.0
2022-10-06,0.99027566712295,1.0613211409563694,0.0,-0.0
2022-10-07,0.99027566712295,1.038426936659971,0.0,-0.0
2022-10-08,0.99027566712295,1.032464915368329,0.0,-0.0
2022-10-09,0.99027566712295,1.033584688563745,0.0,0.0
2022-10-10,0.99027566712295,1.0172533335318372,0.0,-0.0
2022-10-11,0.99027566712295,1.0134319612832838,0.0,-0.0
2022-10-12,0.99027566712295,1.0185113503316254,0.0,0.0
2022-10-13,0.99027566712295,1.0301876178393805,0.0,0.0
2022-10-14,0.99027566712295,1.019649201536844,0.0,-0.0
2022-10-15,0.99027566712295,1.013931233377536,0.0,-0.0
2022-10-16,0.99027566712295,1.0242245331353972,0.0,0.0
2022-10-17,0.99027566712295,1.0394781197593714,0.0,0.0
2022-10-18,0.99027566712295,1.0276519111114895,0.0,-0.0
2022-10-19,0.99027566712295,1.0168332856570137,0.0,-0.0
2022-10-20,0.99027566712295,1.0124706365267253,0.0,-0.0
2022-10-21,0.9892853914558271,1.0189813785864914,1.0,-0.001
2022-10-22,0.9913492020559358,1.0211071398568012,1.0,0.0020861630202297058
2022-10-23,1.010245096757531,1.0405702442339129,1.0,0.019060785707404986
2022-10-24,0.9978209362964466,1.0277731401184007,1.0,-0.012298164575072573
2022-10-25,1.0365548103282503,1.0676697126340833,1.0,0.0388184619332302
2022-10-26,1.0722518164860073,1.1044382577477567,1.0,0.03443812695872078
2022-10-27,1.0476554064124766,1.079103522128016,1.0,-0.02293902392643026
2022-10-28,1.062972928157605,1.094880839330093,1.0,0.014620763326732377
2022-10-29,1.074217547042589,1.1064629948456406,1.0,0.010578462148112948
2022-10-30,1.0648127032898678,1.096775840122335,1.0,-0.008755064352293847
2022-10-31,1.0577540374204617,1.0895052899446922,1.0,-0.006629021092251597
2022-11-01,1.0573864953626133,1.08912671515118,1.0,-0.00034747402973258257
2022-11-02,1.0402596549197909,1.07148576782093,1.0,-0.016197332307472938
2022-11-03,1.0431494027285473,1.0744622589643003,1.0,0.0027779101064716455
2022-11-04,1.0917093484894826,1.1244798584385494,1.0,0.0465512855914196
2022-11-05,1.099496387734765,1.1325006460229976,1.0,0.007132886840308378
2022-11-06,1.0791685243976772,1.1115625887284677,1.0,-0.018488340265463123
2022-11-07,1.0629362771939714,1.0948430881919762,1.0,-0.015041438697228238
2022-11-08,0.9574279608967716,0.9861676639702078,1.0,-0.09926118673428808
2022-11-09,0.820995149865912,0.8466256331291231,0.0,-0.14249929666047167
2022-11-10,0.8201741547160462,0.9358640065761424,1.0,-0.001
2022-11-11,0.7946180259055567,0.9076389162126787,0.0,-0.031159392994207773
2022-11-12,0.7946180259055567,0.8939086677676534,0.0,-0.0
2022-11-13,0.7946180259055567,0.8682682010997815,0.0,-0.0
2022-11-14,0.7946180259055567,0.8836669435083465,0.0,0.0
2022-11-15,0.7946180259055567,0.8986137356718483,0.0,0.0
2022-11-16,0.7946180259055567,0.8859692312273163,0.0,-0.0
2022-11-17,0.7946180259055567,0.8875537156158917,0.0,0.0
2022-11-18,0.7946180259055567,0.8879732317845446,0.0,0.0
2022-11-19,0.7946180259055567,0.8879854610264697,0.0,0.0
2022-11-20,0.7946180259055567,0.8656298750809525,0.0,-0.0
2022-11-21,0.7946180259055567,0.8391009274019031,0.0,-0.0
2022-11-22,0.7946180259055567,0.8627964128974904,0.0,0.0
2022-11-23,0.7946180259055567,0.8827976039193127,0.0,0.0
2022-11-24,0.7946180259055567,0.882576414152317,0.0,-0.0
2022-11-25,0.7946180259055567,0.8784923790554561,0.0,-0.0
2022-11-26,0.7946180259055567,0.8751123229285528,0.0,-0.0
2022-11-27,0.7946180259055567,0.8735283702461483,0.0,-0.0
2022-11-28,0.7946180259055567,0.8620504291400506,0.0,-0.0
2022-11-29,0.7946180259055567,0.8742594662308095,0.0,0.0
2022-11-30,0.7946180259055567,0.9126013299034742,0.0,0.0
2022-12-01,0.7946180259055567,0.9026972390625383,0.0,-0.0
2022-12-02,0.7946180259055567,0.908831533153475,0.0,0.0
2022-12-03,0.7946180259055567,0.8977965032875393,0.0,-0.0
2022-12-04,0.7946180259055567,0.909520624350654,0.0,0.0
2022-12-05,0.7946180259055567,0.9021112988624678,0.0,-0.0
2022-12-06,0.7946180259055567,0.9086305482209643,0.0,0.0
2022-12-07,0.7946180259055567,0.8952145381228007,0.0,-0.0
2022-12-08,0.7946180259055567,0.9158160254113014,0.0,0.0
2022-12-09,0.7946180259055567,0.9107361046567891,0.0,-0.0
2022-12-10,0.7946180259055567,0.9106792120965281,0.0,-0.0
2022-12-11,0.7946180259055567,0.9084226511082351,0.0,-0.0
2022-12-12,0.7946180259055567,0.9150572807057654,0.0,0.0
2022-12-13,0.7938234078796512,0.9450917671679945,1.0,-0.001
2022-12-14,0.7950939933721871,0.9466044712235302,1.0,0.0016005896020749
2022-12-15,0.7743442314027192,0.9228473078121459,0.0,-0.02609724402704023
2022-12-16,0.7743442314027192,0.884340083520405,0.0,-0.0
2022-12-17,0.7743442314027192,0.8920179206247758,0.0,0.0
2022-12-18,0.7743442314027192,0.8899809542849666,0.0,-0.0
2022-12-19,0.7743442314027192,0.8740653934785173,0.0,-0.0
2022-12-20,0.7743442314027192,0.8983473508803457,0.0,0.0
2022-12-21,0.7743442314027192,0.894578085836517,0.0,-0.0
2022-12-22,0.7743442314027192,0.8944058130372223,0.0,-0.0
2022-12-23,0.7743442314027192,0.892123198446567,0.0,-0.0
2022-12-24,0.7743442314027192,0.895186889401926,0.0,0.0
2022-12-25,0.7743442314027192,0.8949736752274904,0.0,-0.0
2022-12-26,0.7743442314027192,0.8996144066850352,0.0,0.0
2022-12-27,0.7743442314027192,0.8882874701314059,0.0,-0.0
2022-12-28,0.7743442314027192,0.8798306834870142,0.0,-0.0
2022-12-29,0.7743442314027192,0.884411863853445,0.0,0.0
2022-12-30,0.7743442314027192,0.8830299595158922,0.0,-0.0
2022-12-31,0.7743442314027192,0.8795696157572188,0.0,-0.0
2023-01-01,0.7743442314027192,0.8835228511360966,0.0,0.0
2023-01-02,0.7743442314027192,0.8865067861658562,0.0,0.0
2023-01-03,0.7743442314027192,0.8866296102912794,0.0,0.0
2023-01-04,0.7743442314027192,0.8959440389889504,0.0,0.0
2023-01-05,0.7743442314027192,0.8949598508670534,0.0,-0.0
2023-01-06,0.7743442314027192,0.9012765201745275,0.0,0.0
2023-01-07,0.7743442314027192,0.9009000722056982,0.0,-0.0
2023-01-08,0.7743442314027192,0.910697290106331,0.0,0.0
2023-01-09,0.7743442314027192,0.9133786843249834,0.0,0.0
2023-01-10,0.7735698871713165,0.9273306542431751,1.0,-0.001
2023-01-11,0.7958624050744407,0.954054206380687,1.0,0.028817716760718835
2023-01-12,0.8359303895013536,1.0020864150136812,1.0,0.05034536644957498
2023-01-13,0.8839834952933668,1.0596909298371175,1.0,0.05748457813655709
2023-01-14,0.9294427561849129,1.1141860269745179,1.0,0.05142546340920049
2023-01-15,0.9257427127239527,1.109750534098849,1.0,-0.003980926674976485
2023-01-16,0.9396766452732296,1.1264540834502208,1.0,0.015051625422226551
2023-01-17,0.9374216679349987,1.1237508892785713,1.0,-0.002399737558205679
2023-01-18,0.9171366298573727,1.0994338392694791,1.0,-0.02163918199406572
2023-01-19,0.9337004465820304,1.120389442867641,0.0,0.018060358931726122
2023-01-20,0.9337004465820304,1.2052295428709376,0.0,0.0
2023-01-21,0.9337004465820304,1.2114154124604286,0.0,0.0
2023-01-22,0.9337004465820304,1.2073919918670233,0.0,-0.0
2023-01-23,0.9337004465820304,1.2184817874685372,0.0,0.0
2023-01-24,0.9337004465820304,1.203404727293223,0.0,-0.0
2023-01-25,0.9337004465820304,1.2261644099284437,0.0,0.0
2023-01-26,0.9337004465820304,1.2234372889791143,0.0,-0.0
2023-01-27,0.9337004465820304,1.22686732548606,0.0,0.0
2023-01-28,0.9337004465820304,1.2241258484701225,0.0,-0.0
2023-01-29,0.9337004465820304,1.2623927415727239,0.0,0.0
2023-01-30,0.9337004465820304,1.2136804807474522,0.0,-0.0
2023-01-31,0.9337004465820304,1.2295774318379282,0.0,0.0
2023-02-01,0.9337004465820304,1.2618801768242047,0.0,0.0
2023-02-02,0.9337004465820304,1.248921434032811,0.0,-0.0
2023-02-03,0.9337004465820304,1.2458885820353507,0.0,-0.0
2023-02-04,0.9337004465820304,1.2403024770063673,0.0,-0.0
2023-02-05,0.9337004465820304,1.2193569758254479,0.0,-0.0
2023-02-06,0.9337004465820304,1.2102972343835245,0.0,-0.0
2023-02-07,0.9337004465820304,1.235709599104182,0.0,0.0
2023-02-08,0.9337004465820304,1.2209568796929722,0.0,-0.0
2023-02-09,0.9337004465820304,1.1589253792925973,0.0,-0.0
2023-02-10,0.9337004465820304,1.149824696475533,0.0,-0.0
2023-02-11,0.9337004465820304,1.162445274142385,0.0,0.0
2023-02-12,0.9337004465820304,1.1582442636879784,0.0,-0.0
2023-02-13,0.9337004465820304,1.1577354208826542,0.0,-0.0
2023-02-14,0.9337004465820304,1.1803791915726705,0.0,0.0
2023-02-15,0.9337004465820304,1.2933247480510317,0.0,0.0
2023-02-16,0.9337004465820304,1.2504516843919788,0.0,-0.0
2023-02-17,0.9337004465820304,1.3064004661999713,0.0,0.0
2023-02-18,0.9337004465820304,1.3096959810457391,0.0,0.0
2023-02-19,0.9337004465820304,1.290544456484636,0.0,-0.0
2023-02-20,0.9337004465820304,1.3208751032839245,0.0,0.0
2023-02-21,0.9337004465820304,1.3001364358033929,0.0,-0.0
2023-02-22,0.9337004465820304,1.2857830277263507,0.0,-0.0
2023-02-23,0.9337004465820304,1.2729152066901404,0.0,-0.0
2023-02-24,0.9337004465820304,1.2327761761606355,0.0,-0.0
2023-02-25,0.9337004465820304,1.231275701347025,0.0,-0.0
2023-02-26,0.9337004465820304,1.2524259094036496,0.0,0.0
2023-02-27,0.9337004465820304,1.24908892147657,0.0,-0.0
2023-02-28,0.9337004465820304,1.2304515567824976,0.0,-0.0
2023-03-01,0.9337004465820304,1.256366915540602,0.0,0.0
2023-03-02,0.9337004465820304,1.2476655440577054,0.0,-0.0
2023-03-03,0.9327667461354484,1.1885940519094105,1.0,-0.001
2023-03-04,0.9324425317941853,1.1881809162148056,1.0,-0.0003475835117476265
2023-03-05,0.9359337819786754,1.1926297017447411,1.0,0.0037441987741296265
2023-03-06,0.9350892390871481,1.1915535284553196,1.0,-0.0009023532516817297
2023-03-07,0.9262415674112874,1.1802792308125858,1.0,-0.009461847389558272
2023-03-08,0.9056904673650936,1.1540916384951019,1.0,-0.022187624448372755
2023-03-09,0.8496426954897417,1.0826718022393342,1.0,-0.06188402538718393
2023-03-10,0.8408163042918789,1.0714246216113041,1.0,-0.01038835647586572
2023-03-11,0.8535445337203101,1.087643786641202,1.0,0.015137943167206725
2023-03-12,0.9178608144585587,1.169599912374824,1.0,0.07535199183798383
2023-03-13,1.0061693737145545,1.2821286112153853,1.0,0.09621127502658298
2023-03-14,1.0294080729526092,1.3117409229781083,1.0,0.023096210086640347
2023-03-15,1.013353829992378,1.2912835280618573,1.0,-0.015595606234351193
2023-03-16,1.0431097799333788,1.3292005585041624,1.0,0.02936383034267955
2023-03-17,1.1431009043459843,1.456615966710941,1.0,0.09585867790348178
2023-03-18,1.122753429265732,1.4306878470047406,1.0,-0.017800244057976707
2023-03-19,1.167207930539211,1.4873347590148132,1.0,0.039594179910500654
2023-03-20,1.156531806812623,1.4737305249322348,1.0,-0.00914671966087143
2023-03-21,1.1727408548186824,1.4943851828378016,1.0,0.014015220256441903
2023-03-22,1.1370856225652255,1.448950890554666,1.0,-0.030403334297558447
2023-03-23,1.1806663724479645,1.5044844098433707,1.0,0.03832670910429972
2023-03-24,1.145576950550689,1.459771111127654,1.0,-0.029720014659621426
2023-03-25,1.1459307906554395,1.4602219979603757,1.0,0.00030887502108034
2023-03-26,1.1670068091589165,1.4870784766405534,1.0,0.0183920518371114
2023-03-27,1.1318255891212574,1.4422482025672907,1.0,-0.03014654221513475
2023-03-28,1.1375070594824404,1.4494879137870353,1.0,0.005019740157663191
2023-03-29,1.1828858011238703,1.5073125549651258,1.0,0.03989315166279236
2023-03-30,1.1695304234909107,1.4902942355607218,1.0,-0.011290504645732054
2023-03-31,1.1877577787925813,1.5135207562137847,1.0,0.015585191231934095
2023-04-01,1.1872307740139256,1.5128492113202374,1.0,-0.0004436971814163256
2023-04-02,1.1743242588271487,1.497915711811002,0.0,-0.010871109028905156
2023-04-03,1.1743242588271487,1.478143154442565,0.0,-0.0
2023-04-04,1.1743242588271487,1.4975754198617783,0.0,0.0
2023-04-05,1.1743242588271487,1.497816814463259,0.0,0.0
2023-04-06,1.1743242588271487,1.4905755081250025,0.0,-0.0
2023-04-07,1.1743242588271487,1.4837967861552226,0.0,-0.0
2023-04-08,1.1743242588271487,1.485500904432197,0.0,0.0
2023-04-09,1.1743242588271487,1.5059917968371996,0.0,0.0
2023-04-10,1.1743242588271487,1.575835656003123,0.0,0.0
2023-04-11,1.1743242588271487,1.6057749670608035,0.0,0.0
2023-04-12,1.1743242588271487,1.589167124820151,0.0,-0.0
2023-04-13,1.1743242588271487,1.6149958154724375,0.0,0.0
2023-04-14,1.1743242588271487,1.6199454682151375,0.0,0.0
2023-04-15,1.1743242588271487,1.610808629378468,0.0,-0.0
2023-04-16,1.1743242588271487,1.6113169404776218,0.0,0.0
2023-04-17,1.1743242588271487,1.5648256163272083,0.0,-0.0
2023-04-18,1.1743242588271487,1.6153238781797363,0.0,0.0
2023-04-19,1.1743242588271487,1.5311595767193522,0.0,-0.0
2023-04-20,1.1743242588271487,1.50173229870402,0.0,-0.0
2023-04-21,1.1743242588271487,1.4495820257792427,0.0,-0.0
2023-04-22,1.1743242588271487,1.479039079340132,0.0,0.0
2023-04-23,1.1743242588271487,1.4670092272288864,0.0,-0.0
2023-04-24,1.1743242588271487,1.462773124167216,0.0,-0.0
2023-04-25,1.1743242588271487,1.5047704677631872,0.0,0.0
2023-04-26,1.1731499345683216,1.5108585034172761,1.0,-0.001
2023-04-27,1.216808915096316,1.5670853675525251,1.0,0.03721517535101699
2023-04-28,1.210159000210319,1.5585211762616595,1.0,-0.005465044513970003
2023-04-29,1.2068045233711358,1.5542010636250243,1.0,-0.0027719306624999574
2023-04-30,1.206918472368996,1.5543478145281273,1.0,9.442208382007116e-05
2023-05-01,1.158822499522146,1.4924067041767652,1.0,-0.03985022513777997
2023-05-02,1.1836600781861788,1.524394147403839,1.0,0.02143346256590192
2023-05-03,1.1983702332360373,1.5433388382645543,1.0,0.012427685381093569
2023-05-04,1.1906084899035272,1.5333427622560938,1.0,-0.006476915995777602
2023-05-05,1.218164743027378,1.568831490616982,1.0,0.02314468052053254
2023-05-06,1.1910230000261783,1.5338765952514393,1.0,-0.02228084760830228
2023-05-07,1.173761378285101,1.5116459602560277,1.0,-0.014493105289064905
2023-05-08,1.142330033516626,1.4711666377772987,1.0,-0.026778308904998493
2023-05-09,1.1406571301132573,1.469012164373773,1.0,-0.001464465919904717
2023-05-10,1.139438371266578,1.4674425677579763,1.0,-0.0010684708090662367
2023-05-11,1.113422906765968,1.4339381668260016,1.0,-0.022831831151773216
2023-05-12,1.1062552670853452,1.4247072159971248,1.0,-0.006437481784384985
2023-05-13,1.1054406968941195,1.423658159722407,1.0,-0.0007363311303111872
2023-05-14,1.1113173274576809,1.4312264653556213,1.0,0.0053160975347410055
2023-05-15,1.121412548094199,1.4442277446406677,1.0,0.009084012628159563
2023-05-16,1.1161155711284487,1.4374059544710642,1.0,-0.004723486441053587
2023-05-17,1.131464418568488,1.457173194777795,1.0,0.01375202338994388
2023-05-18,1.1073398468584574,1.4261040081074559,1.0,-0.021321546938747275
2023-05-19,1.1097748873996884,1.429240011102025,1.0,0.0021990001968585976
2023-05-20,1.1189473688687512,1.4410529270956403,1.0,0.008265173030320462
2023-05-21,1.1043053355023962,1.4221959677530842,1.0,-0.013085542514084584
2023-05-22,1.1084954383258883,1.427592253679141,1.0,0.003794333585815406
2023-05-23,1.1237852469735576,1.447283460003467,1.0,0.01379329866324113
2023-05-24,1.0870160522292298,1.3999297084442386,1.0,-0.03271905806144916
2023-05-25,1.0929934203126388,1.4076277503830947,1.0,0.005498877473934739
2023-05-26,1.1025771090348493,1.41997024572269,1.0,0.008768294981564687
2023-05-27,1.1087018676698381,1.4278581067644727,1.0,0.005554948116372782
2023-05-28,1.158687907589892,1.492233367965129,1.0,0.04508519501740318
2023-05-29,1.145121371105515,1.4747615031971497,1.0,-0.011708533760912116
2023-05-30,1.1433873646163373,1.4725283372803661,1.0,-0.0015142556351941852
2023-05-31,1.1234029398285628,1.4467911000894336,1.0,-0.017478262753480953
2023-06-01,1.1072015391980115,1.4259258865402844,1.0,-0.014421718206491217
2023-06-02,1.124733996238351,1.4485053207836507,1.0,0.015834928348310247
2023-06-03,1.1175762651662375,1.4392871309028699,1.0,-0.0063639323573859525
2023-06-04,1.1194750022718873,1.4417324475817481,1.0,0.001698977658018885
2023-06-05,1.0622110894015415,1.367984270004648,1.0,-0.05115247125137509
2023-06-06,1.1242175100197886,1.4478401563641516,1.0,0.05837485716062534
2023-06-07,1.0874425352538302,1.400478960918534,1.0,-0.03271161891555227
2023-06-08,1.094018135576005,1.40894744509868,1.0,0.00604684855429181
2023-06-09,1.093159389505174,1.4078414962637016,1.0,-0.0007849468330602727
2023-06-10,1.066876805433493,1.373993081439308,1.0,-0.024042773930321358
2023-06-11,1.0703588556072372,1.378477491282678,1.0,0.003263779056785659
2023-06-12,1.0684479164630667,1.3773949375192085,0.0,-0.0017853256729365658
2023-06-13,1.0684479164630667,1.3789400756511547,0.0,0.0
2023-06-14,1.0684479164630667,1.3361031680117068,0.0,-0.0
2023-06-15,1.0684479164630667,1.361087509264981,0.0,0.0
2023-06-16,1.0684479164630667,1.4007799066111293,0.0,0.0
2023-06-17,1.0684479164630667,1.409924721040359,0.0,0.0
2023-06-18,1.0684479164630667,1.400512458407286,0.0,-0.0
2023-06-19,1.0673794685466036,1.4273306542431758,1.0,-0.001
2023-06-20,1.1255764181968486,1.5051532962060652,1.0,0.05452320506922325
2023-06-21,1.1926108237988735,1.5947936395181055,1.0,0.05955562369493552
2023-06-22,1.1882779812943045,1.588999637376393,1.0,-0.0036330732692558773
2023-06-23,1.2202297623333196,1.631726481838514,1.0,0.026889146766998266
2023-06-24,1.2138253304510502,1.6231622905476484,1.0,-0.00524854587223226
2023-06-25,1.211249959165183,1.6197184296802654,1.0,-0.002121698420076647
2023-06-26,1.203509531062362,1.609367705655973,1.0,-0.006390446533559389
2023-06-27,1.2203864237948963,1.6319359740697552,1.0,0.014023065291087947
2023-06-28,1.1959317286899591,1.5992344494554813,1.0,-0.02003848504713209
2023-06-29,1.210639615653711,1.618902260708298,1.0,0.012298266373334721
2023-06-30,1.2116213343050626,1.6202150432436642,1.0,0.0008109090753829711
2023-07-01,1.2161502024455637,1.6262711765275135,1.0,0.003737857705434545
2023-07-02,1.217387987039188,1.6279263778367867,1.0,0.0010177892427555631
2023-07-03,1.2388263525818914,1.6565943794404128,1.0,0.017610133967925757
2023-07-04,1.2233315797489517,1.6358743216758542,1.0,-0.012507622880839201
2023-07-05,1.2129259187097148,1.621959571189609,1.0,-0.008506002143239422
2023-07-06,1.18869587773115,1.5895584605617596,1.0,-0.019976521735424708
2023-07-07,1.2053709622703013,1.6134464236911268,0.0,0.01402804943765654
2023-07-08,1.2053709622703013,1.6102524647239553,0.0,-0.0
2023-07-09,1.2053709622703013,1.603663561857102,0.0,-0.0
2023-07-10,1.2053709622703013,1.617001942854349,0.0,0.0
2023-07-11,1.2053709622703013,1.628195952865313,0.0,0.0
2023-07-12,1.2053709622703013,1.6153233464735668,0.0,-0.0
2023-07-13,1.2053709622703013,1.672440818444676,0.0,0.0
2023-07-14,1.2053709622703013,1.6117082762192303,0.0,-0.0
2023-07-15,1.2053709622703013,1.6105124690414099,0.0,-0.0
2023-07-16,1.2053709622703013,1.6074535634415867,0.0,-0.0
2023-07-17,1.2053709622703013,1.6024560571435271,0.0,-0.0
2023-07-18,1.2053709622703013,1.5876283671622538,0.0,-0.0
2023-07-19,1.2053709622703013,1.590291151664933,0.0,0.0
2023-07-20,1.2053709622703013,1.5844843885751245,0.0,-0.0
2023-07-21,1.2053709622703013,1.5898929037431067,0.0,0.0
2023-07-22,1.2053709622703013,1.584165364872727,0.0,-0.0
2023-07-23,1.2053709622703013,1.5995715511676813,0.0,0.0
2023-07-24,1.204165591308031,1.5513325088342995,1.0,-0.001
2023-07-25,1.206328644403517,1.5541191808747432,1.0,0.0017963086730759293
2023-07-26,1.2114071348328164,1.5606618253047488,1.0,0.004209873033240011
2023-07-27,1.2060756484967181,1.5537932449921268,1.0,-0.004401068957575586
2023-07-28,1.2098462367585692,1.558650912567302,1.0,0.0031263281590594937
2023-07-29,1.2114459302899763,1.560711805684791,1.0,0.0013222287947046046
2023-07-30,1.2084822049935278,1.5568936236732613,1.0,-0.002446436297606073
2023-07-31,1.2064664920917239,1.5542967707357442,1.0,-0.0016679706937139343
2023-08-01,1.2260185770651193,1.5794858188647236,1.0,0.016206073771262958
2023-08-02,1.204558085773554,1.5518381614025996,1.0,-0.017504213796611497
2023-08-03,1.2048729893247572,1.5522438532108151,1.0,0.00026142662186441444
2023-08-04,1.201585693406889,1.5480088135614862,1.0,-0.0027283339795927406
2023-08-05,1.1998580574103794,1.5457830915310917,1.0,-0.0014377967430778324
2023-08-06,1.20053037442861,1.5466492408831012,1.0,0.0005603304608226929
2023-08-07,1.2055919434351055,1.5531700853601096,1.0,0.00421611074097538
2023-08-08,1.228677716751098,1.5829116017223035,1.0,0.019148911405474395
2023-08-09,1.22090087846103,1.5728926623485047,1.0,-0.0063294370721003156
2023-08-10,1.215690731107964,1.5661804036500575,1.0,-0.004267461384443764
2023-08-11,1.2144641343135,1.5646001729108476,1.0,-0.0010089710837443
2023-08-12,1.214634999412056,1.564820299265502,1.0,0.00014069176168172935
2023-08-13,1.2094211376003259,1.558103255211519,1.0,-0.004292533818187191
2023-08-14,1.2146663659518875,1.5648607089344724,1.0,0.004336974266853769
2023-08-15,1.205135477737031,1.5525820183353565,1.0,-0.007846507059070178
2023-08-16,1.1857587977561144,1.5276189453289089,1.0,-0.016078424657534302
2023-08-17,1.098795066073248,1.4155831381085517,1.0,-0.07334015302895767
2023-08-18,1.0752945115397465,1.3853072570448417,1.0,-0.021387568309243626
2023-08-19,1.0771934253524411,1.3877536371360613,1.0,0.0017659476471942274
2023-08-20,1.0809070585814404,1.3925379292596851,1.0,0.0034475082576597943
2023-08-21,1.0783040484930542,1.3891844584413147,1.0,-0.0024081719771562853
2023-08-22,1.075377055065619,1.3854135982789744,1.0,-0.0027144416563451893
2023-08-23,1.0898495765438787,1.4054440331401832,0.0,0.013458090267117022
2023-08-24,1.0898495765438787,1.3920094133260463,0.0,-0.0
2023-08-25,1.0898495765438787,1.3856268124534101,0.0,-0.0
2023-08-26,1.0898495765438787,1.383359617341704,0.0,-0.0
2023-08-27,1.0898495765438787,1.387847217422098,0.0,0.0
2023-08-28,1.0898495765438787,1.388816517771216,0.0,0.0
2023-08-29,1.0887597269673348,1.4736949006188005,1.0,-0.001
2023-08-30,1.0724045692400574,1.4515573142032552,1.0,-0.015021824670934132
2023-08-31,1.0179393606970144,1.3792872797805975,0.0,-0.0507879303252493
2023-09-01,1.0179393606970144,1.3720704319261914,0.0,-0.0
2023-09-02,1.0179393606970144,1.3754978099022837,0.0,0.0
2023-09-03,1.0179393606970144,1.3809052616579243,0.0,0.0
2023-09-04,1.0179393606970144,1.3731854197660713,0.0,-0.0
2023-09-05,1.0179393606970144,1.371381872435183,0.0,-0.0
2023-09-06,1.0179393606970144,1.369672437096502,0.0,-0.0
2023-09-07,1.0179393606970144,1.3959945510751635,0.0,0.0
2023-09-08,1.0179393606970144,1.3776772734958302,0.0,-0.0
2023-09-09,1.0179393606970144,1.377204586710111,0.0,-0.0
2023-09-10,1.0179393606970144,1.3740143496861343,0.0,-0.0
2023-09-11,1.0179393606970144,1.3379067153425948,0.0,-0.0
2023-09-12,1.0179393606970144,1.373934062054364,0.0,0.0
2023-09-13,1.0179393606970144,1.3942399207119762,0.0,0.0
2023-09-14,1.0179393606970144,1.4102299203823183,0.0,0.0
2023-09-15,1.0179393606970144,1.4143384139630297,0.0,0.0
2023-09-16,1.0179393606970144,1.4121940429767466,0.0,-0.0
2023-09-17,1.0179393606970144,1.410484075931895,0.0,-0.0
2023-09-18,1.0179393606970144,1.4229791709424708,0.0,0.0
2023-09-19,1.0169214213363174,1.4467863147338975,1.0,-0.001
2023-09-20,1.0137350232503333,1.4422529879228267,1.0,-0.0031333768953328046
2023-09-21,0.9919076731432646,1.4126412078662747,0.0,-0.021531612903225743
2023-09-22,0.9919076731432646,1.4132824455080937,0.0,0.0
2023-09-23,0.9919076731432646,1.4130601923287567,0.0,-0.0
2023-09-24,0.9919076731432646,1.395642561590185,0.0,-0.0
2023-09-25,0.9909157654701213,1.3986429795112354,1.0,-0.001
2023-09-26,0.9867929230060287,1.3942223744083446,0.0,-0.004160638681670882
2023-09-27,0.9867929230060287,1.4022681521828142,0.0,0.0
2023-09-28,0.9858061300830226,1.4367439802885895,1.0,-0.001
2023-09-29,0.9816314449367218,1.4306596665776952,1.0,-0.004234793250828336
2023-09-30,0.9836598683758054,1.4336159528865804,1.0,0.002066379851161268
2023-10-01,1.021237142233546,1.4883822201710186,1.0,0.03820149125305603
2023-10-02,1.0030667001819287,1.4619000626349874,1.0,-0.017792578530660148
2023-10-03,0.9995810037150268,1.458281802143627,0.0,-0.0034750395624435306
2023-10-04,0.9995810037150268,1.4770037081188347,0.0,0.0
2023-10-05,0.9995810037150268,1.457427350327372,0.0,-0.0
2023-10-06,0.9995810037150268,1.4851132906337838,0.0,0.0
2023-10-07,0.9995810037150268,1.486473395018339,0.0,0.0
2023-10-08,0.9995810037150268,1.484366775170173,0.0,-0.0
2023-10-09,0.9995810037150268,1.4669837053326942,0.0,-0.0
2023-10-10,0.9995810037150268,1.4563495819194383,0.0,-0.0
2023-10-11,0.9995810037150268,1.428987982377131,0.0,-0.0
2023-10-12,0.9995810037150268,1.4228260395653198,0.0,-0.0
2023-10-13,0.9995810037150268,1.4282691156343947,0.0,0.0
2023-10-14,0.9995810037150268,1.4277629313599236,0.0,-0.0
2023-10-15,0.9985814227113118,1.4438029114103084,1.0,-0.001
2023-10-16,1.0481031238607026,1.5154040594702718,1.0,0.04959205130707451
2023-10-17,1.0442465776679573,1.5098280568585312,1.0,-0.003679548419376557
2023-10-18,1.0414550222041326,1.5057918753170298,1.0,-0.002673272312808424
2023-10-19,1.0559335270343582,1.5267256789621946,1.0,0.013902189265536692
2023-10-20,1.0910653499991279,1.5775211645641234,1.0,0.03327086607756371
2023-10-21,1.0999191886695328,1.5903225223290007,1.0,0.008114856429463116
2023-10-22,1.102958972290133,1.5947176055356995,1.0,0.0027636426856749246
2023-10-23,1.2161337277450723,1.758351774675686,1.0,0.10261012267749958
2023-10-24,1.2474928504722744,1.8036924866727855,1.0,0.02578591647593499
2023-10-25,1.268576430745229,1.8341762648492248,1.0,0.016900762409157506
2023-10-26,1.255911646313842,1.815864836037769,1.0,-0.00998346187462041
2023-10-27,1.2463635042953007,1.8020596170226797,1.0,-0.0076025587043208635
2023-10-28,1.2533131571941758,1.8121078002358655,1.0,0.005575943835746681
2023-10-29,1.2696737830708846,1.8357628760624825,1.0,0.013053901000557479
2023-10-30,1.2677923975152363,1.8330426672933717,1.0,-0.0014817865665445907
2023-10-31,1.2738616678847479,1.8418179459339903,1.0,0.004787274621149857
2023-11-01,1.302606856184751,1.8833792904700184,1.0,0.02256539232217776
2023-11-02,1.284960960074072,1.8578659015769348,1.0,-0.01354660159118375
2023-11-03,1.2766936753444917,1.8459126151542646,1.0,-0.006433880083877056
2023-11-04,1.2893915568634489,1.8642718975210804,1.0,0.009945910882288071
2023-11-05,1.2862564510564292,1.8616032642505238,0.0,-0.0024314614054447535
2023-11-06,1.2862564510564292,1.8634222310603612,0.0,0.0
2023-11-07,1.2862564510564292,1.88219305400327,0.0,0.0
2023-11-08,1.2862564510564292,1.8941883452134225,0.0,0.0
2023-11-09,1.2862564510564292,1.9514196023050534,0.0,0.0
2023-11-10,1.2862564510564292,1.9833506846780367,0.0,0.0
2023-11-11,1.2862564510564292,1.9742250116709512,0.0,-0.0
2023-11-12,1.2862564510564292,1.9707226631247952,0.0,-0.0
2023-11-13,1.2862564510564292,1.9387564881445483,0.0,-0.0
2023-11-14,1.2862564510564292,1.890278709740539,0.0,-0.0
2023-11-15,1.2862564510564292,2.012943855018616,0.0,0.0
2023-11-16,1.2862564510564292,1.9228361419825633,0.0,-0.0
2023-11-17,1.2862564510564292,1.9467847196153858,0.0,0.0
2023-11-18,1.2862564510564292,1.9443484419414088,0.0,-0.0
2023-11-19,1.2862564510564292,1.9864468097098062,0.0,0.0
2023-11-20,1.2862564510564292,1.9911747409793399,0.0,0.0
2023-11-21,1.2862564510564292,1.9004055854669826,0.0,-0.0
2023-11-22,1.2862564510564292,1.9890245212251794,0.0,0.0
2023-11-23,1.2862564510564292,1.9829598806425996,0.0,-0.0
2023-11-24,1.2862564510564292,2.0052537886723196,0.0,0.0
2023-11-25,1.2862564510564292,2.0088215370774667,0.0,0.0
2023-11-26,1.2862564510564292,1.9911029606462998,0.0,-0.0
2023-11-27,1.2862564510564292,1.9802173402143202,0.0,-0.0
2023-11-28,1.2862564510564292,2.0108526546493986,0.0,0.0
2023-11-29,1.2862564510564292,2.012754567621859,0.0,0.0
2023-11-30,1.2862564510564292,2.0058062313836373,0.0,-0.0
2023-12-01,1.2862564510564292,2.05677345807869,0.0,0.0
2023-12-02,1.2862564510564292,2.097599452980691,0.0,0.0
2023-12-03,1.2862564510564292,2.125349729733753,0.0,0.0
2023-12-04,1.2862564510564292,2.2326926982918396,0.0,0.0
2023-12-05,1.2862564510564292,2.3434056205595875,0.0,0.0
2023-12-06,1.2862564510564292,2.326889231780289,0.0,-0.0
2023-12-07,1.2862564510564292,2.300859556195492,0.0,-0.0
2023-12-08,1.2862564510564292,2.3485987947284506,0.0,0.0
2023-12-09,1.2862564510564292,2.324279086188505,0.0,-0.0
2023-12-10,1.2862564510564292,2.3283152677300065,0.0,0.0
2023-12-11,1.2862564510564292,2.193468734082045,0.0,-0.0
2023-12-12,1.2862564510564292,2.206175979854715,0.0,0.0
2023-12-13,1.2862564510564292,2.279372778132838,0.0,0.0
2023-12-14,1.2862564510564292,2.2875201117859043,0.0,0.0
2023-12-15,1.2862564510564292,2.229991630944873,0.0,-0.0
2023-12-16,1.2862564510564292,2.247948943446667,0.0,0.0
2023-12-17,1.2862564510564292,2.1999156714013317,0.0,-0.0
2023-12-18,1.2862564510564292,2.268141548689928,0.0,0.0
2023-12-19,1.2862564510564292,2.247840475387852,0.0,-0.0
2023-12-20,1.2862564510564292,2.3219039547241547,0.0,0.0
2023-12-21,1.2862564510564292,2.3321589716377282,0.0,0.0
2023-12-22,1.2862564510564292,2.337860988611916,0.0,0.0
2023-12-23,1.2862564510564292,2.3236708143292675,0.0,-0.0
2023-12-24,1.2862564510564292,2.285884583604945,0.0,-0.0
2023-12-25,1.2862564510564292,2.316969721460404,0.0,0.0
2023-12-26,1.2862564510564292,2.260226038927271,0.0,-0.0
2023-12-27,1.2862564510564292,2.3091387529788827,0.0,0.0
2023-12-28,1.2862564510564292,2.2631413838610155,0.0,-0.0
2023-12-29,1.2862564510564292,2.2367256895963172,0.0,-0.0
2023-12-30,1.2862564510564292,2.2406246909457876,0.0,0.0
2023-12-31,1.2862564510564292,2.2482440403713855,0.0,0.0
2024-01-01,1.2862564510564292,2.3490539352105393,0.0,0.0
2024-01-02,1.2862564510564292,2.3898549399225195,0.0,0.0
2024-01-03,1.2862564510564292,2.2781073174466617,0.0,-0.0
2024-01-04,1.2862564510564292,2.3475412311550037,0.0,0.0
2024-01-05,1.2862564510564292,2.3472227391587768,0.0,-0.0
2024-01-06,1.2862564510564292,2.3378227057676293,0.0,-0.0
2024-01-07,1.2862564510564292,2.3357331005169244,0.0,-0.0
2024-01-08,1.2862564510564292,2.496415768703562,0.0,0.0
2024-01-09,1.2862564510564292,2.451697152926138,0.0,-0.0
2024-01-10,1.2862564510564292,2.4806214369040234,0.0,0.0
2024-01-11,1.2862564510564292,2.463881731533047,0.0,-0.0
2024-01-12,1.2862564510564292,2.274784153880019,0.0,-0.0
2024-01-13,1.2862564510564292,2.278254068349764,0.0,0.0
2024-01-14,1.2862564510564292,2.21893480112594,0.0,-0.0
2024-01-15,1.2849701946053727,2.2603414191663056,1.0,-0.001
2024-01-16,1.303917800442163,2.2936714204743027,1.0,0.014745560571239007
2024-01-17,1.292980269658016,2.2744316326888696,1.0,-0.008388205744593764
2024-01-18,1.2491938744834536,2.1974086768066576,1.0,-0.03386470482348785
2024-01-19,1.2592149317747852,2.2150363314826413,1.0,0.00802201923658578
2024-01-20,1.2603336218793073,2.217004176020265,1.0,0.0008884028264700844
2024-01-21,1.256836090617642,2.2108518039195255,1.0,-0.0027750836770110334
2024-01-22,1.1960106033376998,2.1038560394908807,1.0,-0.0483957198030897
2024-01-23,1.2059727185673232,2.1213800114635855,1.0,0.00832945393780133
2024-01-24,1.2116335746271685,2.131337804627758,1.0,0.0046940166827077025
2024-01-25,1.2078918116431432,2.1247558139411233,1.0,-0.00308819684629219
2024-01-26,1.2641866191131204,2.2237818345777036,1.0,0.04660583582680066
2024-01-27,1.2731675757155405,2.2395798883204363,1.0,0.007104138318376323
2024-01-28,1.2704601703477472,2.2348173961498095,1.0,-0.002126511403082046
2024-01-29,1.3088976489890425,2.302431279635973,1.0,0.030254768735311445
2024-01-30,1.2979676748794735,2.2832047845048065,1.0,-0.008350518558888905
2024-01-31,1.2870528141190605,2.2640048746821733,1.0,-0.008409193057467054
2024-02-01,1.302255029768028,2.2907465048294875,1.0,0.011811648661343408
2024-02-02,1.3057933670724144,2.296970657263266,1.0,0.0027170847671954992
2024-02-03,1.3000832414943206,2.286926195993275,1.0,-0.004372916666666747
2024-02-04,1.2871398670101986,2.264158006059324,1.0,-0.009955804421603804
2024-02-05,1.2909429901917968,2.270847933098603,1.0,0.002954708558932597
2024-02-06,1.3027389592080008,2.2915977664087186,1.0,0.009137482526979282
2024-02-07,1.3405419794517304,2.358095598642661,1.0,0.029018108329785332
2024-02-08,1.3689263605014839,2.4080254665987506,1.0,0.02117380991034875
2024-02-09,1.4246680193923535,2.5060784649430174,1.0,0.04071925305788526
2024-02-10,1.4433577914925437,2.538954920887439,1.0,0.013118685789101718
2024-02-11,1.4599492261959244,2.56814027259512,1.0,0.011495025558578904
2024-02-12,1.5088342608417316,2.654132048164072,1.0,0.03348406490353308
2024-02-13,1.5022545131532055,2.6425578682410844,1.0,-0.004360815405169399
2024-02-14,1.5655969776015761,2.753981149952838,1.0,0.04216493536465798
2024-02-15,1.5665955114417698,2.758491613398571,0.0,0.0006377975011956085
2024-02-16,1.5665955114417698,2.7714710927306205,0.0,0.0
2024-02-17,1.5665955114417698,2.745871035731719,0.0,-0.0
2024-02-18,1.5665955114417698,2.772192086298039,0.0,0.0
2024-02-19,1.5665955114417698,2.752894342540004,0.0,-0.0
2024-02-20,1.5665955114417698,2.7786337065556186,0.0,0.0
2024-02-21,1.5665955114417698,2.7568640608101718,0.0,-0.0
2024-02-22,1.5665955114417698,2.727036939754501,0.0,-0.0
2024-02-23,1.5665955114417698,2.698097768003837,0.0,-0.0
2024-02-24,1.5665955114417698,2.7419140784096463,0.0,0.0
2024-02-25,1.5665955114417698,2.7504548746290025,0.0,0.0
2024-02-26,1.5665955114417698,2.896547525492653,0.0,0.0
2024-02-27,1.5665955114417698,3.032710563619175,0.0,0.0
2024-02-28,1.5665955114417698,3.3195532817436564,0.0,0.0
2024-02-29,1.5665955114417698,3.2503719284663792,0.0,-0.0
2024-03-01,1.5665955114417698,3.317203140469327,0.0,0.0
2024-03-02,1.5665955114417698,3.295901927860234,0.0,-0.0
2024-03-03,1.5665955114417698,3.3558087304026407,0.0,0.0
2024-03-04,1.5665955114417698,3.6286665128263493,0.0,0.0
2024-03-05,1.5665955114417698,3.388244933637754,0.0,-0.0
2024-03-06,1.5665955114417698,3.513197478862022,0.0,0.0
2024-03-07,1.5665955114417698,3.553029183224884,0.0,0.0
2024-03-08,1.5665955114417698,3.6222052194404553,0.0,0.0
2024-03-09,1.5665955114417698,3.632258719715347,0.0,0.0
2024-03-10,1.5665955114417698,3.6664266899483087,0.0,0.0
2024-03-11,1.5665955114417698,3.8324370539649872,0.0,0.0
2024-03-12,1.5665955114417698,3.79914746232596,0.0,-0.0
2024-03-13,1.5665955114417698,3.885305130220159,0.0,0.0
2024-03-14,1.5665955114417698,3.7957939915075896,0.0,-0.0
2024-03-15,1.5665955114417698,3.695349910513852,0.0,-0.0
2024-03-16,1.5665955114417698,3.4720747919167905,0.0,-0.0
2024-03-17,1.5665955114417698,3.636523534910232,0.0,0.0
2024-03-18,1.5665955114417698,3.5948648881449734,0.0,-0.0
2024-03-19,1.5665955114417698,3.293249777480968,0.0,-0.0
2024-03-20,1.5665955114417698,3.607121778791092,0.0,0.0
2024-03-21,1.5665955114417698,3.482742944524969,0.0,-0.0
2024-03-22,1.5665955114417698,3.3921067155552773,0.0,-0.0
2024-03-23,1.5665955114417698,3.402388317777384,0.0,0.0
2024-03-24,1.5665955114417698,3.573596641318462,0.0,0.0
2024-03-25,1.5665955114417698,3.7155632522977684,0.0,0.0
2024-03-26,1.5665955114417698,3.7213051472347565,0.0,0.0
2024-03-27,1.5665955114417698,3.6937622358882534,0.0,-0.0
2024-03-28,1.5665955114417698,3.7634481783214895,0.0,0.0
2024-03-29,1.5665955114417698,3.713996314212825,0.0,-0.0
2024-03-30,1.5665955114417698,3.699727447416918,0.0,-0.0
2024-03-31,1.5665955114417698,3.790002116190559,0.0,0.0
2024-04-01,1.5665955114417698,3.70332284454294,0.0,-0.0
2024-04-02,1.5665955114417698,3.4807607439207375,0.0,-0.0
2024-04-03,1.5665955114417698,3.5073083013157604,0.0,0.0
2024-04-04,1.5665955114417698,3.641538055805753,0.0,0.0
2024-04-05,1.5665955114417698,3.6060642152176436,0.0,-0.0
2024-04-06,1.5665955114417698,3.663242833398379,0.0,0.0
2024-04-07,1.5665955114417698,3.6879347362577883,0.0,0.0
2024-04-08,1.5665955114417698,3.808079594286924,0.0,0.0
2024-04-09,1.5665955114417698,3.6765354876649488,0.0,-0.0
2024-04-10,1.5665955114417698,3.7554981076577385,0.0,0.0
2024-04-11,1.5665955114417698,3.7222744475838736,0.0,-0.0
2024-04-12,1.5665955114417698,3.5686267837412764,0.0,-0.0
2024-04-13,1.5650289159303281,3.398905642359542,1.0,-0.001
2024-04-14,1.6075630188356649,3.491280550507301,1.0,0.02717783835965257
2024-04-15,1.5526770279195297,3.372080002637263,1.0,-0.03414235726565078
2024-04-16,1.5618187764790161,3.3919339110498115,1.0,0.00588773350484605
2024-04-17,1.5002204309765006,3.2581555750987117,1.0,-0.039440136352684764
2024-04-18,1.553903354072033,3.374743318846113,1.0,0.035783356890153724
2024-04-19,1.5624215345120496,3.3932429716419836,1.0,0.005481795516879769
2024-04-20,1.5899050484325328,3.4529312429482473,1.0,0.017590332258871664
2024-04-21,1.5899187586071266,3.4529610184938044,1.0,8.623266280841422e-06
2024-04-22,1.635900970422796,3.5528244763491785,1.0,0.028921107802987865
2024-04-23,1.6259777419114645,3.5312733618398737,1.0,-0.006065910278644065
2024-04-24,1.573966970467279,3.418317171238099,1.0,-0.031987382178456404
2024-04-25,1.5790776828716517,3.4294165375506847,1.0,0.0032470264626045992
2024-04-26,1.5612463766897267,3.390690782022802,1.0,-0.011292228606193501
2024-04-27,1.553705046189516,3.374312636847876,1.0,-0.0048303269828560294
2024-04-28,1.5452987505671667,3.356055973771998,1.0,-0.005410483568271909
2024-04-29,1.5635964475098263,3.395794629554994,1.0,0.011840879917843536
2024-04-30,1.4853994874160927,3.225967678645298,1.0,-0.05001096044843892
2024-05-01,1.4289177301070615,3.1033014699548795,1.0,-0.03802462420886074
2024-05-02,1.4459487048470754,3.140289078010866,1.0,0.011918793070569545
2024-05-03,1.5395059569767542,3.343475274067946,1.0,0.0647030228776845
2024-05-04,1.5642339706284367,3.3971791924234,1.0,0.016062304624168324
2024-05-05,1.5671708858860587,3.403557539646671,1.0,0.0018775421789631248
2024-05-06,1.5464388984793667,3.358532129408775,1.0,-0.013228925826407513
2024-05-07,1.5255526716084948,3.3131717442833617,1.0,-0.013506014942724
2024-05-08,1.4981555807528615,3.2536711652553416,1.0,-0.017958797074339405
2024-05-09,1.544206588266046,3.353684032544672,1.0,0.030738468090238436
2024-05-10,1.4869887901961418,3.2327729859236114,0.0,-0.037053201627738654
2024-05-11,1.4869887901961418,3.2341554219673347,0.0,0.0
2024-05-12,1.4869887901961418,3.269141687996947,0.0,0.0
2024-05-13,1.4869887901961418,3.3465628918009855,0.0,0.0
2024-05-14,1.4869887901961418,3.2741131406926436,0.0,-0.0
2024-05-15,1.4855018014059458,3.520240458798621,1.0,-0.001
2024-05-16,1.4637085780111496,3.468596370148315,1.0,-0.01467061391253126
2024-05-17,1.5038443768728467,3.563707438250305,1.0,0.027420621471135005
2024-05-18,1.5014031876241631,3.5579224751134935,1.0,-0.0016232991167343476
2024-05-19,1.4870165503597936,3.5238300071567656,1.0,-0.009582127827459267
2024-05-20,1.6030764760917142,3.798860872699972,1.0,0.07804884599558712
2024-05-21,1.5739464468841695,3.729830523975163,1.0,-0.01817132846872251
2024-05-22,1.5519192013950371,3.6776318657888556,1.0,-0.013994914206095272
2024-05-23,1.525062305301317,3.613988232279031,1.0,-0.017305602037514647
2024-05-24,1.5380836267037161,3.644845268187276,1.0,0.008538222574340329
2024-05-25,1.5547003172716394,3.684222363774221,1.0,0.010803502670095236
2024-05-26,1.5371340758856618,3.6425950876730306,1.0,-0.011298795781301968
2024-05-27,1.5579730366081554,3.691977829979508,1.0,0.013557022155329394
2024-05-28,1.5346821166844107,3.6367846026400277,1.0,-0.014949501292045022
2024-05-29,1.5179444885241122,3.5971209174270955,1.0,-0.010906250863507185
2024-05-30,1.5336450600017437,3.6343270567192243,1.0,0.010343310704923786
2024-05-31,1.5154223002571587,3.5911440083626744,1.0,-0.01188199291990296
2024-06-01,1.5205120003414545,3.6032052311379896,1.0,0.003358601812466582
2024-06-02,1.5189641147116701,3.603140362985169,0.0,-0.0010180029025991493
2024-06-03,1.5189641147116701,3.658664843268972,0.0,0.0
2024-06-04,1.5189641147116701,3.750540479322479,0.0,0.0
2024-06-05,1.5189641147116701,3.7808562383489885,0.0,0.0
2024-06-06,1.5189641147116701,3.764429707912532,0.0,-0.0
2024-06-07,1.5189641147116701,3.687680049002041,0.0,-0.0
2024-06-08,1.5189641147116701,3.685279927347669,0.0,-0.0
2024-06-09,1.5189641147116701,3.7032345813186094,0.0,0.0
2024-06-10,1.5189641147116701,3.697484710789062,0.0,-0.0
2024-06-11,1.5189641147116701,3.5791396781476204,0.0,-0.0
2024-06-12,1.5189641147116701,3.6296384717063193,0.0,0.0
2024-06-13,1.5189641147116701,3.5503621450728375,0.0,-0.0
2024-06-14,1.5189641147116701,3.511599701819179,0.0,-0.0
2024-06-15,1.5189641147116701,3.521396919719811,0.0,0.0
2024-06-16,1.5189641147116701,3.5452503219480853,0.0,0.0
2024-06-17,1.5189641147116701,3.53607626367947,0.0,-0.0
2024-06-18,1.5189641147116701,3.4654119818922138,0.0,-0.0
2024-06-19,1.5189641147116701,3.4547273463927453,0.0,-0.0
2024-06-20,1.5189641147116701,3.449177397383367,0.0,-0.0
2024-06-21,1.5189641147116701,3.4105526660279097,0.0,-0.0
2024-06-22,1.5189641147116701,3.4168507256194105,0.0,0.0
2024-06-23,1.5189641147116701,3.3609152364656847,0.0,-0.0
2024-06-24,1.5174451505969584,3.205831965962297,1.0,-0.001
2024-06-25,1.5555166187992218,3.2862636901046285,1.0,0.02508918901436808
2024-06-26,1.5318332868931102,3.236229076032918,1.0,-0.01522538018551924
2024-06-27,1.5530114235239518,3.2809710868818507,1.0,0.013825353458531796
2024-06-28,1.520831216222182,3.2129855407823937,1.0,-0.020721165868020072
2024-06-29,1.5348959472612795,3.2426994084237135,1.0,0.009248055201046467
2024-06-30,1.5798286404579576,3.337626506190654,1.0,0.02927409722909989
2024-07-01,1.5830496058118755,3.344431281762796,1.0,0.002038806786655325
2024-07-02,1.5638083772419618,3.303781281603284,1.0,-0.012154532933947951
2024-07-03,1.5153129409955832,3.2013273512844416,1.0,-0.03101111168870211
2024-07-04,1.4358189221025879,3.033384235337404,1.0,-0.052460463276164285
2024-07-05,1.4252177732795106,3.0109877080167458,1.0,-0.007383346646214456
2024-07-06,1.465519856885101,3.0961319439496613,1.0,0.0282778424190239
2024-07-07,1.4043484413538345,2.9699942256709857,0.0,-0.041740420809639266
2024-07-08,1.4043484413538345,3.015551342079545,0.0,0.0
2024-07-09,1.4029440929124808,3.086554320697513,1.0,-0.001
2024-07-10,1.3951100820990858,3.0693190651754785,1.0,-0.0055839793281654
2024-07-11,1.3857822560508428,3.048797333812577,1.0,-0.006686086042907971
2024-07-12,1.399055484737638,3.077999168411548,1.0,0.009578148824491975
2024-07-13,1.4308342831295842,3.1479142762043395,1.0,0.022714466108472896
2024-07-14,1.4693551885602867,3.2326623910401118,1.0,0.02692198941896187
2024-07-15,1.5642437533478106,3.4414224628842494,1.0,0.06457837119729931
2024-07-16,1.5719738423765455,3.458429084752899,1.0,0.004941741983748236
2024-07-17,1.5488693711823278,3.407597974837536,1.0,-0.01469774532589406
2024-07-18,1.5464508937425732,3.4022771911877134,1.0,-0.0015614470043451153
2024-07-19,1.6110293408018252,3.544353333638177,1.0,0.041759132036171855
2024-07-20,1.6226289453984537,3.569873103005309,1.0,0.007200120012001296
2024-07-21,1.6474101825042347,3.62439319033273,1.0,0.015272276003738906
2024-07-22,1.6321039536952036,3.5907186434261433,1.0,-0.009291085469536303
2024-07-23,1.593532054086447,3.5058583385883617,1.0,-0.02363323703825786
2024-07-24,1.5799978125451566,3.4760822613250753,1.0,-0.008493234576978419
2024-07-25,1.5902437754769438,3.4986239444303244,1.0,0.006484795643661238
2024-07-26,1.641190584531608,3.6107097320307244,1.0,0.03203710641117521
2024-07-27,1.640912895855853,3.6100988016406323,1.0,-0.000169199530129006
2024-07-28,1.6494533331263685,3.628888234299515,1.0,0.0052046865449618855
2024-07-29,1.6140428308784023,3.5509831778801733,1.0,-0.02146802309396005
2024-07-30,1.5996221123461034,3.519256802382895,1.0,-0.008934532749946168
2024-07-31,1.5619202555856646,3.4363106397594994,1.0,-0.023569227050220583
2024-08-01,1.5794666030505449,3.474913571161959,1.0,0.011233830537847322
2024-08-02,1.4862828388885858,3.2699041546456766,1.0,-0.05899698289408969
2024-08-03,1.4654540534601783,3.2273495829828507,0.0,-0.014014011925201932
2024-08-04,1.4654540534601783,3.0924562591918705,0.0,-0.0
2024-08-05,1.4654540534601783,2.872213460886099,0.0,-0.0
2024-08-06,1.4654540534601783,2.97872484099327,0.0,0.0
2024-08-07,1.4654540534601783,2.931517308630974,0.0,-0.0
2024-08-08,1.4654540534601783,3.2798821526443342,0.0,0.0
2024-08-09,1.4654540534601783,3.2347934693721294,0.0,-0.0
2024-08-10,1.4654540534601783,3.2393406205436377,0.0,0.0
2024-08-11,1.4654540534601783,3.121784639859459,0.0,-0.0
2024-08-12,1.4654540534601783,3.1554974696103333,0.0,0.0
2024-08-13,1.463988599406718,3.221456151787224,1.0,-0.001
2024-08-14,1.4165233888319166,3.120232057841124,0.0,-0.03242184440099925
2024-08-15,1.4165233888319166,3.0594936668478008,0.0,-0.0
2024-08-16,1.4165233888319166,3.1303988115303674,0.0,0.0
2024-08-17,1.4165233888319166,3.1632258188009175,0.0,0.0
2024-08-18,1.4165233888319166,3.106618253047474,0.0,-0.0
2024-08-19,1.4165233888319166,3.1603817224940425,0.0,0.0
2024-08-20,1.4151068654430847,3.137800161425994,1.0,-0.001
2024-08-21,1.466475941495773,3.2517038524238893,1.0,0.03630049242719492
2024-08-22,1.4477675677704742,3.210220668694949,1.0,-0.012757368324922372
2024-08-23,1.535565206240346,3.404899566021424,1.0,0.060643462683086506
2024-08-24,1.5384372014223902,3.4112678108274523,1.0,0.001870317958737823
2024-08-25,1.5399476545952795,3.414617027996457,1.0,0.0009818100937060185
2024-08-26,1.5067124093559605,3.340922552742594,1.0,-0.021582061663033322
2024-08-27,1.4247273419149569,3.159132212992985,1.0,-0.05441321577489894
2024-08-28,1.4156128276902347,3.1389220614460926,1.0,-0.006397374400403914
2024-08-29,1.4233847435160034,3.156155190143444,1.0,0.005490142271774841
2024-08-30,1.417749139377371,3.143659031720527,1.0,-0.003959297838693807
2024-08-31,1.4141522513644578,3.1356834391605855,1.0,-0.0025370412247211326
2024-09-01,1.3740558223442398,3.046775255245548,1.0,-0.028353686091105543
2024-09-02,1.417944330500205,3.144091840543447,1.0,0.031940847993415865
2024-09-03,1.3785128461773077,3.0566580778396575,1.0,-0.027808908625479824
2024-09-04,1.3900989020519696,3.0823485248875713,1.0,0.008404750022309077
2024-09-05,1.3471544571031269,2.9871252667835715,1.0,-0.0308930860138449
2024-09-06,1.2939917328946657,2.8692444136291186,1.0,-0.03946297614809539
2024-09-07,1.2987369873538352,2.8797663470403645,1.0,0.003667144339905669
2024-09-08,1.3157404361610132,2.9174690998958925,1.0,0.013092295801802196
2024-09-09,1.3678245735506689,3.032958338694705,1.0,0.03958541970605045
2024-09-10,1.3820680102892713,3.064541153525904,1.0,0.010413204305599347
2024-09-11,1.3749224325628178,3.048696841346324,1.0,-0.005170207018218963
2024-09-12,1.393969633138933,3.090931325894411,1.0,0.013853291011196757
2024-09-13,1.4506968733681913,3.2167159912757666,1.0,0.040694746055206475
2024-09-14,1.438588069768986,3.1898664247758073,1.0,-0.008346887500413257
2024-09-15,1.4179412131972609,3.144084928363229,1.0,-0.014352167243428093
2024-09-16,1.3945100775525001,3.095273770190214,0.0,-0.016524758168166172
2024-09-17,1.3931155674749476,3.2069320660294003,1.0,-0.001
2024-09-18,1.4265148685420594,3.28381677830724,1.0,0.023974537250810304
2024-09-19,1.4539549582154543,3.34698347138198,1.0,0.01923575440993433
2024-09-20,1.459800066879385,3.360438827736773,1.0,0.004020144249244574
2024-09-21,1.4632164504345968,3.3683032937070467,1.0,0.0023403092195461344
2024-09-22,1.4685243061643494,3.3805219015088777,1.0,0.0036275260083196773
2024-09-23,1.4630092638989314,3.367826353271962,1.0,-0.003755499478127665
2024-09-24,1.4843217598101588,3.4168874133451883,1.0,0.014567574134444908
2024-09-25,1.458667354760207,3.3578313406758427,1.0,-0.017283587524333635
2024-09-26,1.505370479775199,3.4653412649715176,1.0,0.032017666579416806
2024-09-27,1.5191357961403136,3.497028825918337,1.0,0.009144138635673512
2024-09-28,1.521169550261309,3.5017104987510232,1.0,0.00133875728961331
2024-09-29,1.5152567652819382,3.4880993524882262,1.0,-0.0038869993015276084
2024-09-30,1.4627228521885354,3.3671670376203395,1.0,-0.03466997428889753
2024-10-01,1.4044747944955525,3.233080843796426,1.0,-0.03982166382772497
2024-10-02,1.39945552674324,3.224759642225553,0.0,-0.00357376848056221
2024-10-03,1.39945552674324,3.2302590791487185,0.0,0.0
2024-10-04,1.39945552674324,3.301150931177018,0.0,0.0
2024-10-05,1.39945552674324,3.2996621538991624,0.0,-0.0
2024-10-06,1.39945552674324,3.340173378748131,0.0,0.0
2024-10-07,1.39945552674324,3.3084884763321645,0.0,-0.0
2024-10-08,1.39945552674324,3.3051116104422853,0.0,-0.0
2024-10-09,1.39945552674324,3.2240545998432544,0.0,-0.0
2024-10-10,1.39945552674324,3.2075913816810226,0.0,-0.0
2024-10-11,1.39945552674324,3.325290391325109,0.0,0.0
2024-10-12,1.39945552674324,3.360713719827006,0.0,0.0
2024-10-13,1.39945552674324,3.3428377583693227,0.0,-0.0
2024-10-14,1.39945552674324,3.513726526501833,0.0,0.0
2024-10-15,1.39945552674324,3.566373412990009,0.0,0.0
2024-10-16,1.39945552674324,3.595397657727979,0.0,0.0
2024-10-17,1.39945552674324,3.5848576463069306,0.0,-0.0
2024-10-18,1.39945552674324,3.6383589846113624,0.0,0.0
2024-10-19,1.39945552674324,3.6357004537580484,0.0,-0.0
2024-10-20,1.39945552674324,3.6704735056132245,0.0,0.0
2024-10-21,1.39945552674324,3.5825032513832356,0.0,-0.0
2024-10-22,1.39945552674324,3.58508202631095,0.0,0.0
2024-10-23,1.39945552674324,3.5448132594758035,0.0,-0.0
2024-10-24,1.39945552674324,3.6261446304588962,0.0,0.0
2024-10-25,1.39945552674324,3.5463913633903306,0.0,-0.0
2024-10-26,1.39945552674324,3.5673634498797826,0.0,0.0
2024-10-27,1.39945552674324,3.616755762897333,0.0,0.0
2024-10-28,1.39945552674324,3.7199338770206194,0.0,0.0
2024-10-29,1.39945552674324,3.867440334592062,0.0,0.0
2024-10-30,1.39945552674324,3.846614467299542,0.0,-0.0
2024-10-31,1.39945552674324,3.737469546529078,0.0,-0.0
2024-11-01,1.39945552674324,3.6951457353443193,0.0,-0.0
2024-11-02,1.39945552674324,3.6886977346126923,0.0,-0.0
2024-11-03,1.39945552674324,3.6568618276442577,0.0,-0.0
2024-11-04,1.39945552674324,3.6076268996532237,0.0,-0.0
2024-11-05,1.39945552674324,3.6885525788281006,0.0,0.0
2024-11-06,1.39945552674324,4.018209341226692,0.0,0.0
2024-11-07,1.39945552674324,4.0334108206459405,0.0,0.0
2024-11-08,1.39945552674324,4.068072214205277,0.0,0.0
2024-11-09,1.39945552674324,4.076987863274952,0.0,0.0
2024-11-10,1.39945552674324,4.273323025323041,0.0,0.0
2024-11-11,1.39945552674324,4.713468329985361,0.0,0.0
2024-11-12,1.39945552674324,4.676462643919571,0.0,-0.0
2024-11-13,1.39945552674324,4.805305151488408,0.0,0.0
2024-11-14,1.39945552674324,4.643155505976912,0.0,-0.0
2024-11-15,1.39945552674324,4.840231334720736,0.0,0.0
2024-11-16,1.39945552674324,4.816562434533681,0.0,-0.0
2024-11-17,1.39945552674324,4.777698435401426,0.0,-0.0
2024-11-18,1.39945552674324,4.810030955933259,0.0,0.0
2024-11-19,1.39945552674324,4.908221666175727,0.0,0.0
2024-11-20,1.39945552674324,5.01327457625677,0.0,0.0
2024-11-21,1.39945552674324,5.227581938579433,0.0,0.0
2024-11-22,1.39945552674324,5.2581486629184955,0.0,0.0
2024-11-23,1.39945552674324,5.193301778344461,0.0,-0.0
2024-11-24,1.39945552674324,5.205405537613428,0.0,0.0
2024-11-25,1.39945552674324,4.94539962504081,0.0,-0.0
2024-11-26,1.39945552674324,4.889844305799109,0.0,-0.0
2024-11-27,1.39945552674324,5.097100712592612,0.0,0.0
2024-11-28,1.39945552674324,5.085449435274878,0.0,-0.0
2024-11-29,1.39945552674324,5.182008339279583,0.0,0.0
2024-11-30,1.39945552674324,5.126072318419687,0.0,-0.0
2024-12-01,1.39945552674324,5.167395990297427,0.0,0.0
2024-12-02,1.39945552674324,5.09590490541479,0.0,-0.0
2024-12-03,1.39945552674324,5.096387162911582,0.0,0.0
2024-12-04,1.39945552674324,5.241948639310741,0.0,0.0
2024-12-05,1.39945552674324,5.154658968979201,0.0,-0.0
2024-12-06,1.39945552674324,5.303282009509035,0.0,0.0
2024-12-07,1.39945552674324,5.308128511254626,0.0,0.0
2024-12-08,1.39945552674324,5.376059291618504,0.0,0.0
2024-12-09,1.39945552674324,5.172249935929408,0.0,-0.0
2024-12-10,1.39945552674324,5.135909414283118,0.0,-0.0
2024-12-11,1.39945552674324,5.376878650827496,0.0,0.0
2024-12-12,1.39945552674324,5.317289808575146,0.0,-0.0
2024-12-13,1.39945552674324,5.39278995798458,0.0,0.0
2024-12-14,1.39945552674324,5.392563982862049,0.0,-0.0
2024-12-15,1.39945552674324,5.554414809505633,0.0,0.0
2024-12-16,1.39945552674324,5.639204397422716,0.0,0.0
2024-12-17,1.39945552674324,5.643196447352054,0.0,0.0
2024-12-18,1.39945552674324,5.327909044215625,0.0,-0.0
2024-12-19,1.39945552674324,5.182107236627328,0.0,-0.0
2024-12-20,1.39945552674324,5.20037559723896,0.0,0.0
2024-12-21,1.39945552674324,5.173075143906279,0.0,-0.0
2024-12-22,1.39945552674324,5.061112712137473,0.0,-0.0
2024-12-23,1.39945552674324,5.044906308055671,0.0,-0.0
2024-12-24,1.39945552674324,5.246003430568217,0.0,0.0
2024-12-25,1.39945552674324,5.286733186653327,0.0,0.0
2024-12-26,1.39945552674324,5.093298481766203,0.0,-0.0
2024-12-27,1.39945552674324,5.013937613851586,0.0,-0.0
2024-12-28,1.39945552674324,5.06715980641642,0.0,0.0
2024-12-29,1.3980560712164969,4.9841179366823045,1.0,-0.001
2024-12-30,1.3839447403846539,4.933810557345045,1.0,-0.010093537106537081
2024-12-31,1.3956369433182516,4.975493662594155,1.0,0.00844846083258207
2025-01-01,1.4107869182119555,5.02950384370391,1.0,0.010855240659998221
2025-01-02,1.4464772576725071,5.1567411303435176,1.0,0.025298178626284588
2025-01-03,1.4642163854831989,5.21998173057598,1.0,0.012263675572221164
2025-01-04,1.4649072239804046,5.222444593558491,1.0,0.00047181448319718065
2025-01-05,1.4670416345446333,5.230053840566845,1.0,0.0014570278098767627
2025-01-06,1.5247903338709439,5.435929938141308,1.0,0.03936404936744397
2025-01-07,1.4460271388070998,5.155136441120457,1.0,-0.051655098615355166
2025-01-08,1.4177791225353553,5.054431292396925,1.0,-0.01953491432743631
2025-01-09,1.3803718286750133,4.9210730043206485,1.0,-0.02638442989162383
2025-01-10,1.4127902305380489,5.036645720988255,1.0,0.02348526765730447
2025-01-11,1.4109092169096475,5.029939842763856,1.0,-0.001331417494078405
2025-01-12,1.4100899647798655,5.027019180768405,1.0,-0.0005806554525006563
2025-01-13,1.4099563310809242,5.026542772039491,1.0,-9.47696262500849e-05
2025-01-14,1.4401545641465932,5.13420051065061,1.0,0.021417849900725698
2025-01-15,1.498865247131577,5.343506113025848,1.0,0.040766931860383236
2025-01-16,1.4912581189903926,5.316386439791192,1.0,-0.005075258203325788
2025-01-17,1.5522610076885786,5.533863834303347,1.0,0.040906995188388855
2025-01-18,1.5594013127519881,5.559319267223827,1.0,0.0045999384304846735
2025-01-19,1.511307200739927,5.38786210519488,1.0,-0.03084139510385932
2025-01-20,1.5251543962137064,5.437227832903895,1.0,0.009162396279856195
2025-01-21,1.5830793846383973,5.643732407172082,1.0,0.037979753766892964
2025-01-22,1.5467304219473492,5.514147106082828,1.0,-0.02296092226565808
2025-01-23,1.5497682022822115,5.524976897366888,1.0,0.0019640011547955843
2025-01-24,1.564088484913404,5.576029197049247,1.0,0.009240273874573055
2025-01-25,1.5622443100390635,5.5694546502490025,1.0,-0.001179073237945792
2025-01-26,1.530523458187131,5.456368723341586,1.0,-0.02030466787306736
2025-01-27,1.5225118494750438,5.427807062972093,1.0,-0.005234554667706083
2025-01-28,1.5113661129174738,5.388072129132292,1.0,-0.0073206238502596145
2025-01-29,1.5471268487015748,5.515560381084451,1.0,0.023661199942527567
2025-01-30,1.5603405780852626,5.568183340794947,0.0,0.008540818352921368
2025-01-31,1.5603405780852626,5.4462429110274835,0.0,-0.0
2025-02-01,1.5603405780852626,5.350859609366114,0.0,-0.0
2025-02-02,1.5603405780852626,5.1948006580395605,0.0,-0.0
2025-02-03,1.5603405780852626,5.387699934812828,0.0,0.0
2025-02-04,1.5603405780852626,5.198125948430886,0.0,-0.0
2025-02-05,1.5587802375071773,5.136942519372718,1.0,-0.001
2025-02-06,1.5578431535709343,5.133854369933508,1.0,-0.0006011648811647445
2025-02-07,1.557075964501231,5.131326107092007,1.0,-0.0004924687494660045
2025-02-08,1.5560746657911202,5.128026338596873,1.0,-0.0006430634939713851
2025-02-09,1.556365245710055,5.128983941410237,1.0,0.00018673905907149276
2025-02-10,1.5719844407196786,5.180456820673591,1.0,0.010035687350816839
2025-02-11,1.545320465948429,5.092585995497516,1.0,-0.01696198389790838
2025-02-12,1.5790701699256,5.203807760570589,1.0,0.021839938524633038
2025-02-13,1.5587110210800692,5.136714417425504,1.0,-0.012893124848587454
2025-02-14,1.5731083606060199,5.184160685858428,1.0,0.009236695789816432
2025-02-15,1.5742245359970206,5.187839029147074,1.0,0.0007095349684433099
2025-02-16,1.5508048593989765,5.110659751650687,1.0,-0.014876960727340939
2025-02-17,1.5453495078059576,5.092681702608236,1.0,-0.0035177550289164556
2025-02-18,1.5436028014192895,5.086925451604642,1.0,-0.0011302986009604798
2025-02-19,1.5592955691346506,5.138640788881816,1.0,0.010166324977469733
2025-02-20,1.5860887801719008,5.226937510700592,1.0,0.01718289435794351
2025-02-21,1.5518351999666156,5.11405522725654,1.0,-0.021596256548497065
2025-02-22,1.5577892647908549,5.133676780072509,1.0,0.0038367893861199244
2025-02-23,1.5530617344162232,5.1180972575659185,1.0,-0.0030347688750225893
2025-02-24,1.4771476095867393,4.867923123795026,1.0,-0.048880300858110445
2025-02-25,1.4293248203590436,4.715191589684479,0.0,-0.032375091641027684
2025-02-26,1.4293248203590436,4.479629273189571,0.0,-0.0
2025-02-27,1.4293248203590436,4.504007469408289,0.0,0.0
2025-02-28,1.4293248203590436,4.484938359303639,0.0,-0.0
2025-03-01,1.4278954955386847,4.57610416761931,1.0,-0.001
2025-03-02,1.5640323413656216,5.012394070838153,1.0,0.095340902924817
2025-03-03,1.4304850167844716,4.584403037531015,1.0,-0.08538654927336374
2025-03-04,1.4480941926214848,4.640836735366652,1.0,0.012309933784973167
2025-03-05,1.503243131028927,4.817577461613477,1.0,0.03808380607314361
2025-03-06,1.4920588148948293,4.781734085236757,1.0,-0.007440124556858815
2025-03-07,1.4386346441354962,4.615302609932914,0.0,-0.03580567349357385
2025-03-08,1.4386346441354962,4.5845008714664175,0.0,-0.0
2025-03-09,1.4386346441354962,4.292696271357311,0.0,-0.0
2025-03-10,1.4386346441354962,4.1789903750549025,0.0,-0.0
2025-03-11,1.4386346441354962,4.409598253451575,0.0,0.0
2025-03-12,1.4386346441354962,4.449323616580305,0.0,0.0
2025-03-13,1.4386346441354962,4.312976076412562,0.0,-0.0
2025-03-14,1.4386346441354962,4.465438567200754,0.0,0.0
2025-03-15,1.4386346441354962,4.484326897207379,0.0,0.0
2025-03-16,1.4386346441354962,4.390538714057998,0.0,-0.0
2025-03-17,1.4386346441354962,4.466865134856642,0.0,0.0
2025-03-18,1.4386346441354962,4.39800918575581,0.0,-0.0
2025-03-19,1.4386346441354962,4.617652219501074,0.0,0.0
2025-03-20,1.4386346441354962,4.478209617713903,0.0,-0.0
2025-03-21,1.4386346441354962,4.471052852656781,0.0,-0.0
2025-03-22,1.4386346441354962,4.457855905500931,0.0,-0.0
2025-03-23,1.4386346441354962,4.577059643607993,0.0,0.0
2025-03-24,1.4386346441354962,4.652331159364042,0.0,0.0
2025-03-25,1.4386346441354962,4.6467328250931335,0.0,-0.0
2025-03-26,1.4386346441354962,4.621014197618174,0.0,-0.0
2025-03-27,1.4386346441354962,4.6381797996318515,0.0,0.0
2025-03-28,1.4386346441354962,4.488896380038054,0.0,-0.0
2025-03-29,1.4386346441354962,4.394473871427072,0.0,-0.0
2025-03-30,1.4386346441354962,4.380726608384586,0.0,-0.0
2025-03-31,1.4386346441354962,4.389234970527531,0.0,0.0
2025-04-01,1.4386346441354962,4.52792148614002,0.0,0.0
2025-04-02,1.4386346441354962,4.387442057320056,0.0,-0.0
2025-04-03,1.4386346441354962,4.42449134329184,0.0,0.0
2025-04-04,1.4386346441354962,4.460476153509957,0.0,0.0
2025-04-05,1.4386346441354962,4.4417664767766745,0.0,-0.0
2025-04-06,1.4386346441354962,4.170171496508289,0.0,-0.0
2025-04-07,1.4386346441354962,4.209158319765969,0.0,0.0
2025-04-08,1.4386346441354962,4.058110167391741,0.0,-0.0
2025-04-09,1.4386346441354962,4.392702226466423,0.0,0.0
2025-04-10,1.4386346441354962,4.23276926398042,0.0,-0.0
2025-04-11,1.4386346441354962,4.435697050838558,0.0,0.0
2025-04-12,1.4386346441354962,4.534225394499397,0.0,0.0
2025-04-13,1.4386346441354962,4.453570885471558,0.0,-0.0
2025-04-14,1.4386346441354962,4.4977865072115355,0.0,0.0
2025-04-15,1.4386346441354962,4.4474025621857,0.0,-0.0
2025-04-16,1.4386346441354962,4.46794715691394,0.0,0.0
2025-04-17,1.4386346441354962,4.516732793190763,0.0,0.0
2025-04-18,1.4386346441354962,4.4915713937826585,0.0,-0.0
2025-04-19,1.4386346441354962,4.52359711985402,0.0,0.0
2025-04-20,1.4386346441354962,4.529032752036706,0.0,0.0
2025-04-21,1.4371960094913607,4.653291952414429,1.0,-0.001
2025-04-22,1.5345255656344103,4.968421438818172,1.0,0.06772183856640088
2025-04-23,1.5385997123154855,4.9816125372061455,1.0,0.002654987816635539
2025-04-24,1.543352089710932,4.9969995820789554,1.0,0.003088767895513633
2025-04-25,1.5541612480282783,5.031997013938151,1.0,0.007003689170739323
2025-04-26,1.553985860521511,5.031429151747884,1.0,-0.00011285026376100149
2025-04-27,1.5395558041360835,4.984708130531744,1.0,-0.009285835059390424
2025-04-28,1.5602784620985775,5.051803068795341,1.0,0.0134601538358152
2025-04-29,1.5478903235587902,5.011693282105223,1.0,-0.007939697201950192
2025-04-30,1.5464974051763936,5.007183350365661,1.0,-0.0008998818334843779
2025-05-01,1.5830157444576252,5.1304280553697605,0.0,0.02361357940789198
2025-05-02,1.5830157444576252,5.151549019586998,0.0,0.0
2025-05-03,1.5830157444576252,5.096745001164442,0.0,-0.0
2025-05-04,1.5830157444576252,5.0127992309402005,0.0,-0.0
2025-05-05,1.5830157444576252,5.037048222559448,0.0,0.0
2025-05-06,1.5830157444576252,5.148724596408438,0.0,0.0
2025-05-07,1.5830157444576252,5.159171559249621,0.0,0.0
2025-05-08,1.5830157444576252,5.490482991251314,0.0,0.0
2025-05-09,1.5830157444576252,5.475084248842749,0.0,-0.0
2025-05-10,1.5830157444576252,5.57278738452672,0.0,0.0
2025-05-11,1.5830157444576252,5.536018307706875,0.0,-0.0
2025-05-12,1.5830157444576252,5.465477913457384,0.0,-0.0
2025-05-13,1.5830157444576252,5.53525903129517,0.0,0.0
2025-05-14,1.5830157444576252,5.503574660585374,0.0,-0.0
2025-05-15,1.5830157444576252,5.5171804897864645,0.0,0.0
2025-05-16,1.5830157444576252,5.501239407083823,0.0,-0.0
2025-05-17,1.5830157444576252,5.4833076164782195,0.0,-0.0
2025-05-18,1.5830157444576252,5.660238693534142,0.0,0.0
2025-05-19,1.5830157444576252,5.613420901794942,0.0,-0.0
2025-05-20,1.5830157444576252,5.681279901825781,0.0,0.0
2025-05-21,1.5830157444576252,5.829838605908965,0.0,0.0
2025-05-22,1.5830157444576252,5.938956409664725,0.0,0.0
2025-05-23,1.5830157444576252,5.70618023350409,0.0,-0.0
2025-05-24,1.5830157444576252,5.729767250940862,0.0,0.0
2025-05-25,1.5830157444576252,5.795820045109958,0.0,0.0
2025-05-26,1.5830157444576252,5.818715312818698,0.0,0.0
2025-05-27,1.5830157444576252,5.792309720971242,0.0,-0.0
2025-05-28,1.5830157444576252,5.730823751101967,0.0,-0.0
2025-05-29,1.5830157444576252,5.614272163374172,0.0,-0.0
2025-05-30,1.5830157444576252,5.528972137533251,0.0,-0.0
2025-05-31,1.5830157444576252,5.561214799722244,0.0,0.0
2025-06-01,1.5830157444576252,5.617099776789756,0.0,0.0
2025-06-02,1.5830157444576252,5.6285346496960305,0.0,0.0
2025-06-03,1.5830157444576252,5.602954265825443,0.0,-0.0
2025-06-04,1.5830157444576252,5.5667966511018605,0.0,-0.0
2025-06-05,1.5830157444576252,5.39727915318349,0.0,-0.0
2025-06-06,1.5830157444576252,5.545080707679651,0.0,0.0
2025-06-07,1.5830157444576252,5.612272948172478,0.0,0.0
2025-06-08,1.5830157444576252,5.621942024885981,0.0,0.0
2025-06-09,1.5830157444576252,5.862752812991501,0.0,0.0
2025-06-10,1.5830157444576252,5.863357362907545,0.0,0.0
2025-06-11,1.5830157444576252,5.776728071639968,0.0,-0.0
2025-06-12,1.5830157444576252,5.618631090561264,0.0,-0.0
2025-06-13,1.5830157444576252,5.639626040416055,0.0,0.0
2025-06-14,1.5830157444576252,5.604961456619694,0.0,-0.0
2025-06-15,1.5830157444576252,5.614498670202873,0.0,0.0
2025-06-16,1.5830157444576252,5.678331059403282,0.0,0.0
2025-06-17,1.5830157444576252,5.559050223901473,0.0,-0.0
2025-06-18,1.5830157444576252,5.576894814695088,0.0,0.0
2025-06-19,1.5830157444576252,5.564761811586734,0.0,-0.0
2025-06-20,1.5830157444576252,5.492417870006355,0.0,-0.0
2025-06-21,1.5830157444576252,5.429783946514618,0.0,-0.0
2025-06-22,1.5830157444576252,5.3683112692996104,0.0,-0.0
2025-06-23,1.5830157444576252,5.600670056116275,0.0,0.0
2025-06-24,1.5830157444576252,5.640498570242113,0.0,0.0
2025-06-25,1.5830157444576252,5.707364874852325,0.0,0.0
2025-06-26,1.5830157444576252,5.686441173624402,0.0,-0.0
2025-06-27,1.5830157444576252,5.6917864157580755,0.0,0.0
2025-06-28,1.5830157444576252,5.7050365335309925,0.0,0.0
2025-06-29,1.5830157444576252,5.761404831507638,0.0,0.0
2025-06-30,1.5830157444576252,5.697045521492101,0.0,-0.0
2025-07-01,1.5830157444576252,5.619131426067859,0.0,-0.0
2025-07-02,1.5830157444576252,5.787600399417682,0.0,0.0
2025-07-03,1.5830157444576252,5.826690373672469,0.0,0.0
2025-07-04,1.5830157444576252,5.741588674233206,0.0,-0.0
2025-07-05,1.5830157444576252,5.752960805811342,0.0,0.0
2025-07-06,1.5830157444576252,5.806435558807241,0.0,0.0
2025-07-07,1.5830157444576252,5.756407325209579,0.0,-0.0
2025-07-08,1.5830157444576252,5.791502059298006,0.0,0.0
2025-07-09,1.5830157444576252,5.914379887044349,0.0,0.0
2025-07-10,1.5830157444576252,6.16832328585907,0.0,0.0
2025-07-11,1.5830157444576252,6.24901820455588,0.0,0.0
2025-07-12,1.5830157444576252,6.243293855922524,0.0,-0.0
2025-07-13,1.5830157444576252,6.331910133149869,0.0,0.0
2025-07-14,1.5830157444576252,6.372029490551058,0.0,0.0
2025-07-15,1.5830157444576252,6.261270309846462,0.0,-0.0
2025-07-16,1.5830157444576252,6.307653165938061,0.0,0.0
2025-07-17,1.5830157444576252,6.336744405653534,0.0,0.0
2025-07-18,1.5830157444576252,6.270136510242264,0.0,-0.0
2025-07-19,1.5830157444576252,6.2656255150903615,0.0,-0.0
2025-07-20,1.5830157444576252,6.235058790751299,0.0,-0.0
2025-07-21,1.5830157444576252,6.241186172662017,0.0,0.0
2025-07-22,1.5830157444576252,6.378050531227643,0.0,0.0
2025-07-23,1.5830157444576252,6.314329268616903,0.0,-0.0
2025-07-24,1.5830157444576252,6.292263462534397,0.0,-0.0
2025-07-25,1.5830157444576252,6.253625438524672,0.0,-0.0
2025-07-26,1.5830157444576252,6.269878632749493,0.0,0.0
2025-07-27,1.5830157444576252,6.349398480809137,0.0,0.0
2025-07-28,1.5830157444576252,6.277446406676536,0.0,-0.0
2025-07-29,1.5830157444576252,6.271514692636622,0.0,-0.0
2025-07-30,1.5830157444576252,6.265641466275481,0.0,-0.0
2025-07-31,1.5830157444576252,6.155247567710131,0.0,-0.0
2025-08-01,1.5830157444576252,6.0241208504321255,0.0,-0.0
2025-08-02,1.5830157444576252,5.9841588780574515,0.0,-0.0
2025-08-03,1.5830157444576252,6.072552370399288,0.0,0.0
2025-08-04,1.5830157444576252,6.117546941679286,0.0,0.0
2025-08-05,1.5830157444576252,6.068349233120198,0.0,-0.0
2025-08-06,1.5830157444576252,6.114209953752206,0.0,0.0
2025-08-07,1.5830157444576252,6.246059259716141,0.0,0.0
2025-08-08,1.5830157444576252,6.203667921847709,0.0,-0.0
2025-08-09,1.5830157444576252,6.192369697427295,0.0,-0.0
2025-08-10,1.5830157444576252,6.342936124010902,0.0,0.0
2025-08-11,1.5830157444576252,6.310607857128433,0.0,-0.0
2025-08-12,1.5830157444576252,6.3876031642897715,0.0,0.0
2025-08-13,1.5830157444576252,6.5562789713399825,0.0,0.0
2025-08-14,1.5830157444576252,6.289822931211054,0.0,-0.0
2025-08-15,1.5830157444576252,6.239149206322208,0.0,-0.0
2025-08-16,1.5830157444576252,6.2412021238471365,0.0,0.0
2025-08-17,1.5830157444576252,6.242496828372699,0.0,0.0
2025-08-18,1.5830157444576252,6.179863968293305,0.0,-0.0
2025-08-19,1.5830157444576252,6.001523869885127,0.0,-0.0
2025-08-20,1.5830157444576252,6.075872343728906,0.0,0.0
2025-08-21,1.5830157444576252,5.981694419956429,0.0,-0.0
2025-08-22,1.5830157444576252,6.217558745556274,0.0,0.0
2025-08-23,1.5830157444576252,6.137912351428011,0.0,-0.0
2025-08-24,1.5830157444576252,6.034524213367313,0.0,-0.0
2025-08-25,1.5814327287131675,5.854721922989812,1.0,-0.001
2025-08-26,1.6051479046546078,5.942519372714336,1.0,0.014996006792358154
2025-08-27,1.5979495062790783,5.915869727734545,1.0,-0.0044845701474958075
2025-08-28,1.6166903894542834,5.985251534238163,1.0,0.011728082208833002
2025-08-29,1.556520620307059,5.762493234038986,1.0,-0.03721786777463002
2025-08-30,1.5628245507932248,5.785831412987888,1.0,0.004050014117334496
2025-08-31,1.5546384748847548,5.755525224672451,1.0,-0.00523800058318449
2025-09-01,1.5688722624748586,5.808221028128329,1.0,0.009155689776144806
2025-09-02,1.5976335413855973,5.914699974159089,1.0,0.018332454208457107
2025-09-03,1.604321943698967,5.939461530526856,1.0,0.0041864433489354385
2025-09-04,1.5903212520280086,5.8876286861859635,1.0,-0.008726859173089819
2025-09-05,1.589303270589375,5.883859952848306,1.0,-0.000640110567179596
2025-09-06,1.5825241001793324,5.858762358180681,1.0,-0.004265498307021391
2025-09-07,1.5961589906758835,5.9092409469048945,1.0,0.008615913334277739
2025-09-08,1.609485384540072,5.958577430774524,1.0,0.008349039125823953
2025-09-09,1.6020337833885396,5.930990387815855,1.0,-0.004629803552805777
2025-09-10,1.6366981482319416,6.059323520873198,1.0,0.02163772399985334
2025-09-11,1.6585670838526092,6.14028588777385,1.0,0.013361618111618132
2025-09-12,1.666419242316832,6.169355859242497,1.0,0.004734302604139165
2025-09-13,1.6648231887435343,6.163447008567921,1.0,-0.0009577743299932436
2025-09-14,1.6554838409738584,6.128871219702061,1.0,-0.005609813602322799
2025-09-15,1.6566572196919223,6.133215259116376,1.0,0.0007087829485389021
2025-09-16,1.67732778664386,6.209741069729019,1.0,0.012477274541912588
2025-09-17,1.6724250168398767,6.191590216181103,1.0,-0.0029229646363835237
2025-09-18,1.6814147925410374,6.224871832227569,1.0,0.005375293726559754
2025-09-19,1.6607169377119355,6.148244997442501,1.0,-0.012309785141013465
2025-09-20,1.6614817163745659,6.1510763328012805,1.0,0.0004605111474830839
2025-09-21,1.6533093471667952,6.126971965260453,0.0,-0.004918723526854727
2025-09-22,1.6533093471667952,5.989722651427266,0.0,-0.0
2025-09-23,1.6533093471667952,5.955045306682809,0.0,-0.0
2025-09-24,1.6533093471667952,6.0246031079289155,0.0,0.0
2025-09-25,1.6516560378196283,5.795304290124416,1.0,-0.001
2025-09-26,1.6614902525479491,5.829810425481919,1.0,0.005954154196235068
2025-09-27,1.6613749338520425,5.829405797086045,1.0,-6.940678449950943e-05
2025-09-28,1.6996846835394972,5.963826434091305,1.0,0.023059063253488627
2025-09-29,1.7322347113968408,6.078037451255845,1.0,0.019150627273736433
2025-09-30,1.7282488669048146,6.064051983848901,1.0,-0.0023009840790063733
2025-10-01,1.7971379221890802,6.305768799269233,1.0,0.039860610704545954
2025-10-02,1.8264503890240253,6.40861991409756,1.0,0.01631063841735642
2025-10-03,1.8522516212954325,6.49915086524546,1.0,0.014126434764644414
2025-10-04,1.8546610395147691,6.507604993358998,1.0,0.0013008050265069704
2025-10-05,1.871198286036432,6.565630619469599,1.0,0.00891658700394635
2025-10-06,1.889022374037253,6.628171494381469,1.0,0.009525493975614774
2025-10-07,1.8386278008545849,6.451347821972021,1.0,-0.02667759465175829
2025-10-08,1.8685265594562357,6.556256107974645,1.0,0.016261452474369106
2025-10-09,1.8436201457121983,6.468864881764508,1.0,-0.0133294405787229
2025-10-10,1.7089366979660134,5.996289754341123,1.0,-0.07305379476321357
2025-10-11,1.6766580706137537,5.8830310229282405,1.0,-0.018888135172401614
2025-10-12,1.7420366490131667,6.112430333198997,1.0,0.038993387826225356
2025-10-13,1.7451764694851577,6.12344728505513,1.0,0.0018023848543999858
2025-10-14,1.7127802504009355,6.009775949653815,1.0,-0.018563291249153402
2025-10-15,1.6767467472055841,5.889351945885081,0.0,-0.021038018850880857
2025-10-16,1.6750700004583785,5.752756630641809,1.0,-0.001
2025-10-17,1.6477813269461747,5.659038101000784,1.0,-0.01629106455535363
2025-10-18,1.6594444248793123,5.6990931219553245,1.0,0.007078061719969109
2025-10-19,1.6820137029831845,5.776603652396035,1.0,0.013600502532956839
2025-10-20,1.7112641079266437,5.877059430925526,1.0,0.017390110967337155
2025-10-21,1.676670690322458,5.758253940740291,1.0,-0.020215124856500934
2025-10-22,1.665365227903976,5.719427161039982,1.0,-0.00674280434657547
2025-10-23,1.7042366474739463,5.852924756132972,1.0,0.023341077932132536
2025-10-24,1.7185840244343993,5.902198498674464,1.0,0.008418652997351577
2025-10-25,1.7285139060962948,5.936301069048434,1.0,0.005777943656356082
2025-10-26,1.773615150546882,6.091193988742723,1.0,0.026092497313165857
2025-10-27,1.7666211313371136,6.067174162483031,1.0,-0.003943369116807525
2025-10-28,1.7479002281197322,6.002880252326486,1.0,-0.01059701080514757
2025-10-29,1.7033558732562513,5.84989987972807,1.0,-0.02548449513700147
2025-10-30,1.677060992977197,5.759594371996531,1.0,-0.015437103127949046
2025-10-31,1.6969574487758683,5.827925527106919,1.0,0.011863883235009908
2025-11-01,1.7045450500476238,5.853983914824932,1.0,0.004471297307560014
2025-11-02,1.7113970987955136,5.877516166526124,1.0,0.004019869552698794
2025-11-03,1.650124691080299,5.667086005599935,1.0,-0.03580256607793619
2025-11-04,1.5713857363986723,5.396669817911911,1.0,-0.047716972606523446
2025-11-05,1.6083559593799113,5.523638061229162,1.0,0.023527146851903945
2025-11-06,1.5690451590347922,5.38863148402383,1.0,-0.024441604556416044
2025-11-07,1.599901517741681,5.494602650661608,1.0,0.019665691920473738
2025-11-08,1.584014759862518,5.440042153665216,1.0,-0.009929834869828524
2025-11-09,1.6213268266603629,5.568184404207291,1.0,0.02355537823465931
2025-11-10,1.6412703479120454,5.636677197993561,1.0,0.012300740926345075
2025-11-11,1.5955651484213402,5.479710092527514,1.0,-0.02784745337588609
2025-11-12,1.5722231764938925,5.405025580383876,0.0,-0.014629281637633065
2025-11-13,1.5722231764938925,5.300686219983864,0.0,-0.0
2025-11-14,1.5722231764938925,5.02962135076763,0.0,-0.0
2025-11-15,1.5722231764938925,5.082911070016137,0.0,0.0
2025-11-16,1.5722231764938925,5.0119389303560675,0.0,-0.0
2025-11-17,1.5722231764938925,4.90313589665334,0.0,-0.0
2025-11-18,1.5722231764938925,4.942784694093494,0.0,0.0
2025-11-19,1.5722231764938925,4.868033718678524,0.0,-0.0
2025-11-20,1.5722231764938925,4.60655498001317,0.0,-0.0
2025-11-21,1.5722231764938925,4.5263843236006345,0.0,-0.0
2025-11-22,1.5722231764938925,4.505664265836077,0.0,-0.0
2025-11-23,1.5722231764938925,4.616804679865038,0.0,0.0
2025-11-24,1.5722231764938925,4.694966018658639,0.0,0.0
2025-11-25,1.5722231764938925,4.6455146862561465,0.0,-0.0
2025-11-26,1.5722231764938925,4.8110911780375645,0.0,0.0
2025-11-27,1.5722231764938925,4.856282480600707,0.0,0.0
2025-11-28,1.5722231764938925,4.832714604586078,0.0,-0.0
2025-11-29,1.5722231764938925,4.8280217659238085,0.0,-0.0
2025-11-30,1.5722231764938925,4.804496958109004,0.0,-0.0
2025-12-01,1.5722231764938925,4.587880395887153,0.0,-0.0
2025-12-02,1.5722231764938925,4.853301204101801,0.0,0.0
2025-12-03,1.5722231764938925,4.967728093971628,0.0,0.0
2025-12-04,1.5722231764938925,4.895847268465896,0.0,-0.0
2025-12-05,1.5722231764938925,4.749733349355418,0.0,-0.0
2025-12-06,1.5722231764938925,4.744775189313987,0.0,-0.0
2025-12-07,1.5722231764938925,4.806374412597614,0.0,0.0
2025-12-08,1.5722231764938925,4.819083785194967,0.0,0.0
2025-12-09,1.5722231764938925,4.927788984962293,0.0,0.0
2025-12-10,1.5722231764938925,4.89251400248201,0.0,-0.0
2025-12-11,1.5722231764938925,4.918993501487189,0.0,0.0
2025-12-12,1.5722231764938925,4.799627592998074,0.0,-0.0
2025-12-13,1.5722231764938925,4.798117015767221,0.0,-0.0
2025-12-14,1.5722231764938925,4.688168686972886,0.0,-0.0
2025-12-15,1.5722231764938925,4.595647027922023,0.0,-0.0
2025-12-16,1.5722231764938925,4.6717522589536715,0.0,0.0
2025-12-17,1.5722231764938925,4.585605225182886,0.0,-0.0
2025-12-18,1.5722231764938925,4.546960288992944,0.0,-0.0
2025-12-19,1.5722231764938925,4.68629548613364,0.0,0.0
2025-12-20,1.5722231764938925,4.698203577531804,0.0,0.0
2025-12-21,1.5722231764938925,4.714046294592873,0.0,0.0
2025-12-22,1.5722231764938925,4.7120220892011595,0.0,-0.0
2025-12-23,1.5722231764938925,4.651684604660517,0.0,-0.0
2025-12-24,1.5722231764938925,4.661438754361325,0.0,0.0
2025-12-25,1.5722231764938925,4.637821429672825,0.0,-0.0
2025-12-26,1.5722231764938925,4.645493418009318,0.0,0.0
2025-12-27,1.5722231764938925,4.672474847639601,0.0,0.0
2025-12-28,1.5722231764938925,4.676499863351519,0.0,0.0
2025-12-29,1.5722231764938925,4.63845203319123,0.0,-0.0
2025-12-30,1.5722231764938925,4.704828104712091,0.0,0.0
2025-12-31,1.5722231764938925,4.660309942161007,0.0,-0.0
2026-01-01,1.5722231764938925,4.723626576375874,0.0,0.0
2026-01-02,1.5722231764938925,4.785096595060029,0.0,0.0
2026-01-03,1.5722231764938925,4.818747215188935,0.0,0.0
2026-01-04,1.5722231764938925,4.86669222400994,0.0,0.0
2026-01-05,1.5722231764938925,4.990578698362031,0.0,0.0
2026-01-06,1.5706509533173987,4.984637413611044,1.0,-0.001
2026-01-07,1.5291420141107193,4.8578887649422775,0.0,-0.026427857264535944
2026-01-08,1.5291420141107193,4.843842683031879,0.0,-0.0
2026-01-09,1.5291420141107193,4.819452789277405,0.0,-0.0
2026-01-10,1.5291420141107193,4.8121907463984925,0.0,-0.0
2026-01-11,1.5291420141107193,4.839251931954375,0.0,0.0
2026-01-12,1.5291420141107193,4.854275289806453,0.0,0.0
2026-01-13,1.5276128720966085,5.073221256761978,1.0,-0.001
2026-01-14,1.5522332896711017,5.15498596827416,1.0,0.016116922044982905
2026-01-15,1.530667649550609,5.083366210498223,1.0,-0.013893298297359738
2026-01-16,1.5298053313447784,5.080502441063033,1.0,-0.0005633608354392309
2026-01-17,1.5218206275536355,5.059065643380421,0.0,-0.005219424738260013
2026-01-18,1.5218206275536355,4.980658656335974,0.0,-0.0
2026-01-19,1.5218206275536355,4.925247429466522,0.0,-0.0
2026-01-20,1.5202988069260819,4.701753247927147,1.0,-0.001
2026-01-21,1.5379567806373566,4.75636319359741,1.0,0.011614804688940003
2026-01-22,1.5397609690191234,4.761942918152346,1.0,0.0011731073359676155
2026-01-23,1.5404588154686747,4.764101113499065,1.0,0.0004532173912654715
2026-01-24,1.5340129768171404,4.744166385748576,1.0,-0.0041843628578756165
2026-01-25,1.4900863022255024,4.608316522556573,1.0,-0.02863513885181044
