prob_threshold,dip_threshold,tp,sl,monitor_days,sharpe,total_return,max_dd,calmar,win_rate,annual_return,annual_vol,num_trades
0.6,0.03,0.04,0.03,7,-0.1669926330780138,-0.5025911747568443,0.571875838666075,-0.2920085476377727,0.08760986674227389,-0.04867143892214032,0.1914461212828131,149
0.6,0.03,0.04,0.03,10,0.07539535325244082,-0.0537024442656725,0.4924616665850029,0.15309892803489297,0.10150269350722994,-0.003936081005509351,0.1956191818259421,155
0.6,0.03,0.04,0.03,14,-0.13805542465729204,-0.5000664995486832,0.6124375932166555,-0.22541957937656132,0.10178622058406578,-0.04832725042138064,0.20648098767569875,162
0.6,0.03,0.04,0.05,7,0.1784653617638439,0.24938730844928925,0.5504176275130735,0.32423627595321697,0.12248369719308194,0.016035525638334436,0.21086175387341594,136
0.6,0.03,0.04,0.05,10,0.2787174334256235,0.6850968455687307,0.5504176275130735,0.5063744682105106,0.13637652395803798,0.037987395925475065,0.21480758340713946,143
0.6,0.03,0.04,0.05,14,0.11327812500567591,0.0076812432529125285,0.666744118061867,0.16989744931677803,0.14006237595690388,0.0005468682083555887,0.22457518433306703,151
0.6,0.03,0.04,0.07,7,0.1696520538813852,0.2062218043794668,0.5609041334927243,0.30246176441055916,0.12985540119081374,0.013486284642946877,0.22512698826289895,131
0.6,0.03,0.04,0.07,10,0.20975063147688328,0.3668688994149687,0.5630481164252592,0.3725270103176453,0.1431811738020981,0.022580542051314767,0.22908637336143592,137
0.6,0.03,0.04,0.07,14,0.07300149175850791,-0.13709051130710526,0.6910450947805662,0.10563925901491093,0.14601644457045648,-0.010479508859659314,0.23767030798991587,145
0.6,0.03,0.06,0.03,7,0.06489199604154286,-0.14270457578132478,0.6078569287304986,0.10675537774500483,0.11312730365749929,-0.010940876741274419,0.22396514891210298,140
0.6,0.03,0.06,0.03,10,0.08468770277755837,-0.0973242422689472,0.6346315614079046,0.13344388764668766,0.12134958888573859,-0.007289082918993328,0.22873794252308016,145
0.6,0.03,0.06,0.03,14,0.007126477849246037,-0.29971766166824165,0.6451224628686117,0.0110467054852769,0.11851431811738021,-0.02513394087280041,0.23043427848094294,150
0.6,0.03,0.06,0.05,7,0.22886640372417694,0.433336910472812,0.6314584211311107,0.36244097167033745,0.14403175503260562,0.026055614111879954,0.2382328858572455,126
0.6,0.03,0.06,0.05,10,0.24125538861718446,0.49226411571116135,0.6464608043287183,0.37319414727348066,0.1596257442585767,0.02901349511288509,0.2450575500694611,136
0.6,0.03,0.06,0.05,14,0.179834914707752,0.20700994032763265,0.6707233495990665,0.26812085014671194,0.1596257442585767,0.013533583996950815,0.2461001558031254,140
0.6,0.03,0.06,0.07,7,0.18704257250278516,0.23452022172212983,0.6170719015787839,0.3031130926950897,0.15083640487666572,0.01516687749973511,0.2509221310719282,124
0.6,0.03,0.06,0.07,10,0.1940952146457624,0.25712271852031665,0.596126140977271,0.32559420113261367,0.1664303941026368,0.016483697937487385,0.25763302137067845,131
0.6,0.03,0.06,0.07,14,0.12425058825985492,-0.02365014110046315,0.6578695896958916,0.18886811338595436,0.1650127587184576,-0.001708615853577955,0.25784075249600136,136
0.6,0.03,0.08,0.03,7,0.0787003675518523,-0.14040055425772946,0.7064568662074351,0.11140151836070301,0.1267366033456195,-0.010751192146348343,0.23953541467063375,139
0.6,0.03,0.08,0.03,10,0.17143544510821587,0.1874112122026279,0.6354445546919676,0.2697882039312138,0.13240714488233626,0.01234878056772315,0.23315627451907212,143
0.6,0.03,0.08,0.03,14,0.01568090115908031,-0.31955606853891105,0.7310351022411147,0.021450271144310022,0.13325772611284378,-0.027133587829764383,0.24615893073484038,148
0.6,0.03,0.08,0.05,7,0.26040428841542845,0.5862974180949989,0.7119461295752207,0.3657640341001607,0.16586333994896513,0.03351609696078239,0.2552514913414782,124
0.6,0.03,0.08,0.05,10,0.3298783387725451,1.0386926531399245,0.6464608043287183,0.5102835880592778,0.1746526793308761,0.05221095500189987,0.2520751566024263,131
0.6,0.03,0.08,0.05,14,0.2060908880593215,0.2963648111902244,0.7360647520285677,0.27999016050061154,0.1774879500992345,0.018718582514604565,0.2636098192304255,135
0.6,0.03,0.08,0.07,7,0.24367525952621677,0.48968966913128464,0.7061338601297216,0.34508366371420285,0.1740856251772044,0.028886553958846095,0.2686303425243194,123
0.6,0.03,0.08,0.07,10,0.2877477836733062,0.767194489091259,0.6034565010120241,0.47683268502491905,0.18174085625177205,0.04152134717611933,0.26529390634245104,127
0.6,0.03,0.08,0.07,14,0.17812934905391478,0.15136784594548947,0.7307391413186253,0.24376598841069166,0.1837255457896229,0.010121640051985903,0.27594978710107815,133
0.6,0.04,0.04,0.03,7,0.266458478548936,0.5516288278718806,0.35270486423883707,0.7554715161753522,0.08449106889707968,0.03188563508164943,0.17253831079772974,119
0.6,0.04,0.04,0.03,10,0.18599554750823916,0.2783912213786155,0.39807492064214,0.4672375421395732,0.09044513751063227,0.017702875373155402,0.17526400526656347,133
0.6,0.04,0.04,0.03,14,0.14896554620956304,0.16353458126410048,0.44958289702243753,0.33134166623364353,0.09129571874113977,0.01088057966271938,0.18165342419094704,132
0.6,0.04,0.04,0.05,7,0.43981631247199143,1.421080319536911,0.3428725298558277,1.2827400102799924,0.10518854550609583,0.06521434246293278,0.1794749241765139,113
0.6,0.04,0.04,0.05,10,0.3216923665589054,0.8498503251554705,0.3472556961008402,0.926384707784573,0.11766373688687269,0.04492854933671975,0.19405493774708743,128
0.6,0.04,0.04,0.05,14,0.3080923485407645,0.7928099158602131,0.36901235290990037,0.8349106638605934,0.12106606180890275,0.04259280505105645,0.198301076535205,133
0.6,0.04,0.04,0.07,7,0.4188270382708534,1.4577941247683355,0.3571118390670671,1.1728175670821037,0.11823079104054438,0.06636041884839461,0.2006309856108819,107
0.6,0.04,0.04,0.07,10,0.27343555243288337,0.6570288858964384,0.35564215570812124,0.7688502278039683,0.12843776580663455,0.036742437492675695,0.2160880164587822,119
0.6,0.04,0.04,0.07,14,0.2319831203325049,0.4612512328658158,0.4107434881934858,0.5647883094940909,0.13070598242132123,0.027470589989850636,0.21978856876052644,123
0.6,0.04,0.06,0.03,7,0.24513301278210037,0.4940497484836439,0.3648714639189348,0.6718338840457052,0.10688970796711086,0.02910142194990395,0.20659919269840896,110
0.6,0.04,0.06,0.03,10,0.05431766456530786,-0.13731535988226096,0.5171270140089822,0.10503737591315311,0.10377091012191664,-0.0104979334276456,0.2037325696843043,120
0.6,0.04,0.06,0.03,14,0.08312896339540235,-0.06056084523506733,0.4841768679291606,0.17169131551234054,0.10490501842925999,-0.00445362010521122,0.20284005216726295,121
0.6,0.04,0.06,0.05,7,0.30752201006445906,0.8086048790682179,0.3203330026271775,0.9600072660086522,0.12531896796144032,0.04324642328125994,0.21434016298695607,105
0.6,0.04,0.06,0.05,10,0.1538561167114553,0.1318438571696896,0.49375369072456,0.3116049957736595,0.13155656365182875,0.008888062702774313,0.21969208894171163,116
0.6,0.04,0.06,0.05,14,0.15482920891326937,0.14132145098832916,0.4391065981368981,0.3526005065061651,0.13240714488233626,0.009489329234624089,0.2148116063407321,119
0.6,0.04,0.06,0.07,7,0.30360577096761443,0.8187060898806495,0.3388640759563595,0.8959514817578781,0.13524241565069464,0.04366165274595657,0.22912987297700627,101
0.6,0.04,0.06,0.07,10,0.07041312788114851,-0.15737741147048345,0.48984108428381684,0.14374688065231933,0.14006237595690388,-0.012160080747996793,0.23695399103611553,109
0.6,0.04,0.06,0.07,14,0.13589550101444775,0.054612383732304925,0.39616432136041724,0.3430281165850231,0.1423305925715906,0.0038063950407574154,0.23249316873324083,111
0.6,0.04,0.08,0.03,7,0.1933328625245344,0.27012315373548335,0.47108926268697543,0.4103953917816171,0.11596257442585767,0.017231177552333943,0.22369321556013066,109
0.6,0.04,0.08,0.03,10,0.06766079397380441,-0.11382580499745942,0.5171270140089822,0.1308397978463163,0.11057555996597675,-0.008596834151147537,0.20953185067404392,118
0.6,0.04,0.08,0.03,14,0.022842474642312482,-0.24985804019542734,0.5914298497461928,0.038622458186909465,0.11596257442585767,-0.020331493334344475,0.22042519601106397,120
0.6,0.04,0.08,0.05,7,0.2842356720815266,0.7028114007057775,0.46200234234284976,0.615225608251563,0.1394953218032322,0.03876325346396836,0.2350287686766813,105
0.6,0.04,0.08,0.05,10,0.20042746930680422,0.30302839586248576,0.48822698996648806,0.41052107610962185,0.14403175503260562,0.019091829015734474,0.22716525700822257,114
0.6,0.04,0.08,0.05,14,0.17502048916742405,0.18870568626701978,0.5047617017003228,0.3467388444445292,0.14800113410830734,0.012427593545933258,0.23347913284264943,118
0.6,0.04,0.08,0.07,7,0.23937115765021527,0.4689763494451782,0.4354648107788473,0.5496911615477948,0.14941876949248653,0.02785774152075904,0.2479684114430613,100
0.6,0.04,0.08,0.07,10,0.16926251648361496,0.16202964206996118,0.47924067217052563,0.3531889639437514,0.15282109441451658,0.010787104651512669,0.24352912298472945,108
0.6,0.04,0.08,0.07,14,0.22737109004335687,0.4050680590302109,0.4603138768969515,0.49394793738590126,0.15905869010490503,0.024596345872948122,0.2510974987276547,111
0.6,0.05,0.04,0.03,7,0.6528567532748119,2.294883778170236,0.26867169346989306,2.4299424507404237,0.06577828182591437,0.08892775107974815,0.14676442914217272,86
0.6,0.05,0.04,0.03,10,0.6733442456030115,2.6867744102821254,0.26745826175461923,2.517567568059551,0.07853700028352707,0.09770648591734488,0.15628574691724328,104
0.6,0.05,0.04,0.03,14,0.44828048852020286,1.324734141890143,0.3802264081146148,1.178983045241492,0.08420754182024383,0.062128202554391,0.16424118966370302,116
0.6,0.05,0.04,0.05,7,0.4931352534757758,1.5215148327660013,0.3436750642868014,1.4348880809817728,0.08959455628012475,0.06831233651474244,0.15954688142871287,85
0.6,0.05,0.04,0.05,10,0.5459289692693283,2.0379013057721944,0.353710338869009,1.5434351481354478,0.10235327473773745,0.08262816247655125,0.1722387635932893,102
0.6,0.05,0.04,0.05,14,0.5958537010340734,2.5940906114459943,0.32693947293687936,1.822519916856635,0.11936489934788773,0.0957114043818581,0.18050434495688245,118
0.6,0.05,0.04,0.07,7,0.4616658757902511,1.4369746902971774,0.4120453323044953,1.1204249620017221,0.0989509498157074,0.06571247632971211,0.16818823147182257,80
0.6,0.05,0.04,0.07,10,0.33489094260400887,0.8944577613197944,0.5439226317385815,0.6156959153061371,0.11652962857952935,0.04670903158042816,0.18945869929011086,98
0.6,0.05,0.04,0.07,14,0.49457846533809563,1.9514386941639477,0.3517162963638121,1.4061858106981435,0.1267366033456195,0.08039697508446997,0.1942539831763109,110
0.6,0.05,0.06,0.03,7,0.4307798013881281,1.358434321869312,0.3738703187850891,1.1522171719540863,0.0779699461298554,0.06322096375849662,0.18276019365469667,84
0.6,0.05,0.06,0.03,10,0.4346223702780046,1.4303067235888962,0.508695931058735,0.8543853876979847,0.0861922313580947,0.06550386885981463,0.18842231571906531,96
0.6,0.05,0.06,0.03,14,0.2302941362606002,0.4251943279809507,0.5192205505669731,0.44353817661709644,0.09923447689254324,0.025638045360888873,0.20006351330410463,106
0.6,0.05,0.06,0.05,7,0.23731312837140914,0.44760734932102,0.41582388856867386,0.5707058562418704,0.09810036858519988,0.026782147732238304,0.19307346095165306,81
0.6,0.05,0.06,0.05,10,0.2500144557419542,0.5069822720532242,0.40584956670524563,0.6160274058479677,0.1026368018145733,0.029735338833884573,0.20050979225030793,93
0.6,0.05,0.06,0.05,14,0.31279864028872323,0.8270026064757545,0.45806096157734416,0.6828755701241019,0.12503544088460447,0.044001098195752375,0.21159667497090134,106
0.6,0.05,0.06,0.07,7,0.21751964831207454,0.3689621041128912,0.47243948290136206,0.46041801370248564,0.10774028919761837,0.02269234901701589,0.21549874750074116,78
0.6,0.05,0.06,0.07,10,0.0986049223897674,-0.06908629971899183,0.59406663308917,0.16598293339085196,0.12191664303941026,-0.005101869532268433,0.2306147925070455,94
0.6,0.05,0.06,0.07,14,0.3334245033653527,1.0039060871309342,0.37029630116991313,0.9004262324844515,0.14119648426424725,0.05091788347946902,0.2367370157396316,103
0.6,0.05,0.08,0.03,7,0.5272383642670299,2.065863019515305,0.37173356704359084,1.4183232589410038,0.08420754182024383,0.08333711250149611,0.18598743274209803,82
0.6,0.05,0.08,0.03,10,0.41508198598860035,1.322542427169552,0.533527002163601,0.7779962106984781,0.09044513751063227,0.062056625648430064,0.1904110210366102,94
0.6,0.05,0.08,0.03,14,0.28727639078459277,0.6816259664890967,0.5516395375649294,0.5207683119536725,0.1071732350439467,0.03783449241960968,0.20491766487241644,106
0.6,0.05,0.08,0.05,7,0.3923880858186943,1.23773512704186,0.31997086603261554,1.2263244172320897,0.10745676212078253,0.05923767296952187,0.19901423191989082,81
0.6,0.05,0.08,0.05,10,0.3050198261435433,0.762188616281309,0.47522580532569547,0.641841883848244,0.1080238162744542,0.04131027521666475,0.20181691406153154,89
0.6,0.05,0.08,0.05,14,0.3736846043963975,1.214544769063091,0.5288562647387538,0.7065901064460142,0.1355259427275305,0.05844956485004116,0.21692114801207787,106
0.6,0.05,0.08,0.07,7,0.3422720355674512,1.0222653575153293,0.4302793403546739,0.7954647213257338,0.12106606180890275,0.05160290075979934,0.22352756136868387,80
0.6,0.05,0.08,0.07,10,0.10492058972526724,-0.04885737759937936,0.5714902948869813,0.1835912012224398,0.12390133257726113,-0.0035725645036166487,0.2300154101973523,89
0.6,0.05,0.08,0.07,14,0.4109501353915655,1.623150958173662,0.3860148534136524,1.0645966904055697,0.15282109441451658,0.07133287240540964,0.24183782925505673,103
0.7,0.03,0.04,0.03,7,0.19648733699243046,0.3151579778002309,0.3325661444192529,0.590821826844547,0.07229940459313865,0.019766715207036212,0.17351809206130486,116
0.7,0.03,0.04,0.03,10,0.2885447041518595,0.650635993695361,0.3136749775723469,0.9198843541331209,0.07513467536149702,0.036456143390555695,0.1759425849081148,114
0.7,0.03,0.04,0.03,14,0.16914428718779184,0.23000435523903695,0.42897070987245234,0.3943026488640314,0.07740289197618372,0.014901102525045173,0.178550961831036,123
0.7,0.03,0.04,0.05,7,0.2835763413490744,0.6625677708999314,0.32588735595534224,0.8701667498506266,0.0952650978168415,0.03698965838040125,0.18912585013917563,110
0.7,0.03,0.04,0.05,10,0.4079185588895861,1.3495944868138756,0.37954404266413017,1.0747594825261568,0.10377091012191664,0.06293573329514701,0.19477448210179565,112
0.7,0.03,0.04,0.05,14,0.37000320538975373,1.136368967263735,0.4549059159575651,0.8133620434698164,0.10830734335129005,0.05573514898895304,0.19804977858442246,120
0.7,0.03,0.04,0.07,7,0.21901983446570653,0.4085189744712301,0.3737838582955723,0.5859531641211617,0.10433796427558832,0.024775939168700356,0.2052314996513569,108
0.7,0.03,0.04,0.07,10,0.35886066814303724,1.1284277929641462,0.46620269534534514,0.7697524525833275,0.11397788488800681,0.05545427652043089,0.21067705068929457,110
0.7,0.03,0.04,0.07,14,0.3127831909614212,0.8645808996788611,0.5437979345662418,0.5751827491049804,0.11709668273320102,0.04552088021935674,0.2129643851628259,119
0.7,0.03,0.06,0.03,7,0.14006177078642373,0.10336677799711591,0.5153423163009421,0.2717839508926189,0.0907286645874681,0.007052905560369416,0.20833373941775693,109
0.7,0.03,0.06,0.03,10,0.13536156192520488,0.08880623152322054,0.49125133768813944,0.27554441390882545,0.09214629997164729,0.006097515958868094,0.20727029323384707,105
0.7,0.03,0.06,0.03,14,0.10115901443228756,-0.010930665142088514,0.5184118229294106,0.1951325374114044,0.09271335412531896,-0.0007849746028524285,0.20631033504212282,113
0.7,0.03,0.06,0.05,7,0.15935040198723366,0.15239751481642627,0.5353908247576725,0.29763379314421107,0.11567904734902183,0.010186156728776874,0.22428135431251953,104
0.7,0.03,0.06,0.05,10,0.25589033693655183,0.5619569359011929,0.5135101012505467,0.49831607267974726,0.12305075134675361,0.032374874125988606,0.22638432995494465,104
0.7,0.03,0.06,0.05,14,0.2706875505153981,0.6364664472748063,0.5289517983595166,0.5117433220851211,0.12531896796144032,0.03581789804902269,0.22368336104537848,110
0.7,0.03,0.06,0.07,7,0.1586562412779777,0.13513622034653427,0.4922563862929604,0.322304079125863,0.12333427842358945,0.009097461153223074,0.23721186802571256,103
0.7,0.03,0.06,0.07,10,0.2772724707820545,0.6852301191546399,0.5003086396687054,0.5542028436000204,0.13240714488233626,0.03799326122819946,0.23944088466847302,103
0.7,0.03,0.06,0.07,14,0.2605333934244852,0.5941355397213559,0.5621467004203705,0.46346157191647597,0.13382478026651545,0.033880133878900986,0.23646832953079677,110
0.7,0.03,0.08,0.03,7,0.17077303882807549,0.18357919817561275,0.6372040061065031,0.268003711827782,0.1080238162744542,0.012115003039772976,0.22705870956640178,109
0.7,0.03,0.08,0.03,10,0.2722428803972148,0.6303182809787691,0.49125133768813944,0.5541824713972432,0.10660618089027502,0.035539365667795364,0.21450288284633498,105
0.7,0.03,0.08,0.03,14,0.12388206924874029,0.025474142308625103,0.6395017200301503,0.19371655363632123,0.10859087042812589,0.0017989172311210222,0.22372291999117716,111
0.7,0.03,0.08,0.05,7,0.24110403753858053,0.4823894327284959,0.6522115439961904,0.3696715272184585,0.1341083073433513,0.028525481979860157,0.2421493621298062,101
0.7,0.03,0.08,0.05,10,0.3879220168288462,1.4164121645379928,0.5135101012505467,0.7554321051993779,0.1386447405727247,0.06506746429795429,0.23436125644734931,103
0.7,0.03,0.08,0.05,14,0.33161360664705003,1.0195249750684399,0.6473915379168561,0.5122303694516916,0.14374822795576978,0.05150101974162258,0.24309538070637576,107
0.7,0.03,0.08,0.07,7,0.24804859784343333,0.5178433929633011,0.6077011915792069,0.40817526982107794,0.14261411964842644,0.03026383066947136,0.2542409711048907,100
0.7,0.03,0.08,0.07,10,0.40233970326869956,1.607120891986407,0.4512485843231317,0.8916143279921975,0.14800113410830734,0.07086377090553397,0.24699201617239763,102
0.7,0.03,0.08,0.07,14,0.32449883916802874,0.9962941178402049,0.6382428484592013,0.5084253430358207,0.15253756733768076,0.05063215690276657,0.2549373808475554,107
0.7,0.04,0.04,0.03,7,0.30158143642326085,0.6328033288387698,0.3234373259808976,0.932426198827381,0.0674794442869294,0.03565206384790098,0.15506544353351387,96
0.7,0.04,0.04,0.03,10,0.3524880469809456,0.827371892992937,0.30435449479299576,1.1581496347562978,0.06577828182591437,0.04401617396805291,0.15570281971523778,97
0.7,0.04,0.04,0.03,14,0.37043501716438243,0.922397015972583,0.30209887333163526,1.2262045636884245,0.07229940459313865,0.04780448810457183,0.15959739407911688,101
0.7,0.04,0.04,0.05,7,0.2445268478865706,0.4596522242033467,0.3569797575605583,0.6849879935981773,0.08137227105188545,0.027390216810761148,0.1650204328070098,94
0.7,0.04,0.04,0.05,10,0.3160437198979881,0.7377880121645246,0.34725569610084,0.910118173572628,0.08335696058973632,0.0402733883185189,0.16926614950019797,97
0.7,0.04,0.04,0.05,14,0.4084558790995061,1.2000997863537073,0.3549113269640948,1.150867408469125,0.09157924581797562,0.05795477981962294,0.17435077954088896,103
0.7,0.04,0.04,0.07,7,0.21088878716236029,0.36663978618018533,0.3981785949692513,0.5296336614444226,0.09413098950949815,0.02256829448723341,0.1914511313098015,92
0.7,0.04,0.04,0.07,10,0.30982804695547655,0.7955073148656764,0.3371434270260385,0.9189799418262059,0.10008505812305075,0.0427048049344394,0.19601580084873602,97
0.7,0.04,0.04,0.07,14,0.28511178600486975,0.6849418070161966,0.34749059030324436,0.8204877886220212,0.10178622058406578,0.03798057221561524,0.1994917890204837,101
0.7,0.04,0.06,0.03,7,0.08524826919356691,-0.03254455212588869,0.41322227629661445,0.20630124289905172,0.08023816274454211,-0.0023611569730097592,0.186262889929755,86
0.7,0.04,0.06,0.03,10,0.19020444815119544,0.2729492716496582,0.39636692575321436,0.47986962532191796,0.07938758151403459,0.017392729036129317,0.18408922300172043,89
0.7,0.04,0.06,0.03,14,0.09092453048026554,-0.016637472428864375,0.3949151072776249,0.23023816715207526,0.08335696058973632,-0.0011980094242916017,0.18614871175155615,93
0.7,0.04,0.06,0.05,7,0.0025060719790696347,-0.23796540657375254,0.4145828066848436,0.006044804412197184,0.09328040827899065,-0.019229870873120558,0.19490384488976012,84
0.7,0.04,0.06,0.05,10,0.18106836873912305,0.24186277053479843,0.3686127387890912,0.4912157114643962,0.10121916643039411,0.01559709178436286,0.19496622993092433,88
0.7,0.04,0.06,0.05,14,0.08032381594405051,-0.06259417254811639,0.40660822762565685,0.19754596805158722,0.10603912673660335,-0.0046077305303316995,0.1990669636212653,94
0.7,0.04,0.06,0.07,7,-0.023929995000971274,-0.3363714212973735,0.4568928901866555,-0.05237550313202531,0.10292032889140913,-0.028871372899159198,0.21541377789811866,82
0.7,0.04,0.06,0.07,10,0.14977708380795676,0.12002116673803487,0.3628425426967389,0.41278810002480704,0.11652962857952935,0.008131433481693762,0.2171317587663207,88
0.7,0.04,0.06,0.07,14,-0.0012888589363355815,-0.2988065333662472,0.46639749467100877,-0.0027634345189712635,0.11794726396370854,-0.02504337090899622,0.2202245030843536,93
0.7,0.04,0.08,0.03,7,0.02590661904032693,-0.212135578151177,0.560760894492041,0.046199047213864926,0.09186277289481146,-0.01689120641481523,0.20450325553875526,86
0.7,0.04,0.08,0.03,10,0.22643610777825357,0.4015453176582757,0.42687523361268553,0.5304503282186304,0.08505812305075135,0.024412591649472404,0.18907399947576609,87
0.7,0.04,0.08,0.03,14,0.049485833381427584,-0.1548060996239795,0.5077586446341856,0.09745936165612624,0.09271335412531896,-0.011945006316382845,0.20385623430958638,91
0.7,0.04,0.08,0.05,7,-0.013071376025405665,-0.31540835130257927,0.5617793349109623,-0.023267812133882383,0.10603912673660335,-0.026711075796642114,0.2137331576700777,83
0.7,0.04,0.08,0.05,10,0.26870003263835773,0.5844122460282097,0.3521210260973557,0.763089996687862,0.10688970796711086,0.03342829212320053,0.1993050166213919,85
0.7,0.04,0.08,0.05,14,0.1123501330247503,-0.007747832963184043,0.5088999785588808,0.22077055955653013,0.1162461015026935,-0.0005555747992339599,0.21771503274906548,91
0.7,0.04,0.08,0.07,7,-0.03174047773920734,-0.3950226013450704,0.556536991842492,-0.05703210784628374,0.11596257442585767,-0.035270588227201194,0.23262180467367274,81
0.7,0.04,0.08,0.07,10,0.23966288433217048,0.47360467535706974,0.36284254269673855,0.6605148408203037,0.12191664303941026,0.028088789809440406,0.22078529799336316,85
0.7,0.04,0.08,0.07,14,0.06461256840444951,-0.17805192604016318,0.5479806082880455,0.11791031913758154,0.1267366033456195,-0.01391186938257627,0.23635983681835665,89
0.7,0.05,0.04,0.03,7,0.556750865780277,1.420967195134713,0.19344876715440107,2.878027469339758,0.05188545506095832,0.06521078624303489,0.1278734031716869,68
0.7,0.05,0.04,0.03,10,0.6657942474174475,2.060978088715182,0.19344876715440124,3.4417084027526705,0.05613836121349589,0.08321369241441423,0.1331296799782832,74
0.7,0.05,0.04,0.03,14,0.5314711342852129,1.5332777060897005,0.21007009547327196,2.5299704514716805,0.06464417351857102,0.06866764567100403,0.14427929406587853,87
0.7,0.05,0.04,0.05,7,0.45501367550211325,1.0987230111021975,0.32919122050517385,1.3822169218360483,0.062943011057556,0.05439494416073387,0.13659277186338087,66
0.7,0.05,0.04,0.05,10,0.5097021191101612,1.4529497078438394,0.32687003031143885,1.5593418540834763,0.06946413382478027,0.06621010712414943,0.14650251208762036,75
0.7,0.05,0.04,0.05,14,0.5197501041284057,1.6403306962473745,0.32693947293688047,1.5897441182599252,0.08562517720442302,0.07183267183782438,0.15686159274241002,87
0.7,0.05,0.04,0.07,7,0.31947013103576943,0.6971871943994907,0.34672704044374436,0.9213879904691272,0.07456762120782534,0.03851774117895568,0.15608035968767145,66
0.7,0.05,0.04,0.07,10,0.4162617062647963,1.1845458101994533,0.39115321250127016,1.0641909435000347,0.08647575843493054,0.05741862419512067,0.16753195435600207,76
0.7,0.05,0.04,0.07,14,0.43619524630613815,1.3217047581041665,0.31920610472273425,1.36650032644276,0.094414516586334,0.062029252527987744,0.17134798955207586,87
0.7,0.05,0.06,0.03,7,0.23708191502910886,0.4185097879575135,0.42693188036182755,0.5553155571989151,0.055571307059824215,0.025293589021308405,0.1677551083196163,64
0.7,0.05,0.06,0.03,10,0.32623498241008525,0.7423151753968609,0.43937992112185303,0.7424895101649641,0.06039126736603346,0.04046678419477123,0.16623040567753752,68
0.7,0.05,0.06,0.03,14,0.20883732123138202,0.3357011763390436,0.44946464780971357,0.4646356999356174,0.07711936489934788,0.0208966581413228,0.18148651974310942,80
0.7,0.05,0.06,0.05,7,0.10569049767340696,0.035248976058602555,0.4360899395717567,0.24235940360650318,0.06436064644173518,0.0024781925337811206,0.1746107719931276,62
0.7,0.05,0.06,0.05,10,0.1897381803567512,0.2719649449570325,0.3890896754098677,0.4876464022256069,0.07456762120782534,0.01733649906755974,0.1791687063167391,70
0.7,0.05,0.06,0.05,14,0.20707053651952811,0.33368172623169023,0.47412203909951856,0.43674522473751504,0.09498157074000567,0.020786299658654528,0.19167948427943532,80
0.7,0.05,0.06,0.07,7,-0.01284306076288032,-0.2945140288549526,0.4702337973709604,-0.02731207504582794,0.0779699461298554,-0.02461814273236962,0.2050646372157084,62
0.7,0.05,0.06,0.07,10,0.13212999080182114,0.05845068033447931,0.4404863924546503,0.29996384239139556,0.09668273320102069,0.004066985163952763,0.21433508037024543,73
0.7,0.05,0.06,0.07,14,0.13077749762393606,0.04904688686346792,0.4172716858876217,0.3134109072024519,0.10972497873546924,0.003426973047320203,0.21867203414117622,81
0.7,0.05,0.08,0.03,7,0.2786067173389042,0.5736653265681291,0.4249762083351348,0.6555819169980356,0.06209242982704848,0.03292587699204996,0.171960354172149,65
0.7,0.05,0.08,0.03,10,0.2839252395603884,0.5835440352945152,0.46771430286519505,0.6070484435072355,0.06379359228806351,0.03338782121952977,0.1680713747619975,66
0.7,0.05,0.08,0.03,14,0.2987195566821043,0.6874781908164322,0.47728933590040856,0.6258668153952539,0.08222285228239297,0.03809213286562163,0.18469693767283354,78
0.7,0.05,0.08,0.05,7,0.17165072874851325,0.21557949177659763,0.4560735489400069,0.37636633202574227,0.07229940459313865,0.014046035855634686,0.18058343052030984,62
0.7,0.05,0.08,0.05,10,0.24283495220313858,0.45450183504611763,0.43492436416282293,0.5583383507855824,0.07768641905301957,0.027130778772106456,0.17986861636471368,66
0.7,0.05,0.08,0.05,14,0.3465654876334639,0.9583637517203114,0.5007005143556702,0.692161237500313,0.1026368018145733,0.0491931276930333,0.1962189111815705,77
0.7,0.05,0.08,0.07,7,0.026669148074236173,-0.22234026310713495,0.46514922618420707,0.05733460698841351,0.08675928551176637,-0.01780652100419089,0.21127380550508104,62
0.7,0.05,0.08,0.07,10,0.13935220927996475,0.08272886109066202,0.34495169251328767,0.40397601259659527,0.09781684150836405,0.005695236085366595,0.21354998724006893,68
0.7,0.05,0.08,0.07,14,0.24286906044486095,0.48011304568393576,0.446723443194915,0.543667596013966,0.11426141196484264,0.02841255342826221,0.22156992778107454,77
0.8,0.03,0.04,0.03,7,0.25709245674982606,0.45490580376803447,0.325668582781259,0.7894297157994719,0.048766657215764106,0.027151158496052208,0.141509011842516,77
0.8,0.03,0.04,0.03,10,0.32325224026677546,0.7020375499301634,0.1985281564874401,1.628243801715985,0.051601927984122484,0.03872951743336772,0.15146951598413658,78
0.8,0.03,0.04,0.03,14,0.28167926257074394,0.5777197858079293,0.26927506104291205,1.0460651702381571,0.05869010490501843,0.033115794873125326,0.158606703818574,88
0.8,0.03,0.04,0.05,7,0.31550663605973933,0.7022858279881685,0.3650241707265262,0.8643445047262771,0.0652112276722427,0.03874034266869675,0.15908241722879451,75
0.8,0.03,0.04,0.05,10,0.4457856269795882,1.3724689817740554,0.3382792589279951,1.3178036051996806,0.07144882336263113,0.06367178021375874,0.16940864797502772,80
0.8,0.03,0.04,0.05,14,0.46103043698423585,1.5321831080143729,0.2806085322049409,1.642966567557984,0.08080521689821378,0.06863464697642807,0.17668442844048315,88
0.8,0.03,0.04,0.07,7,0.33175471462399986,0.8132594361064147,0.3133177978130646,1.0588441414424064,0.07173235043946696,0.043438024504935946,0.1705431460086011,75
0.8,0.03,0.04,0.07,10,0.4722663947899763,1.6803102682028328,0.38797484443089136,1.2172603496567662,0.07938758151403459,0.07298418157013908,0.18366066437513737,80
0.8,0.03,0.04,0.07,14,0.4723171411849423,1.753752284678534,0.3346352204721803,1.4114388214082447,0.08874397504961724,0.07505854221855213,0.1904773847571046,88
0.8,0.03,0.06,0.03,7,0.1821631347861745,0.25158303315016983,0.39500173569886127,0.4611704666661282,0.06577828182591437,0.016163002296708084,0.18339957601245468,75
0.8,0.03,0.06,0.03,10,0.22692498128380081,0.4081565194391106,0.33423849151357016,0.678931323128556,0.06691239013325773,0.024757095419102093,0.18666582366143136,72
0.8,0.03,0.06,0.03,14,0.23875692499323725,0.45558741145299453,0.3966410304677459,0.6019471175528133,0.0742840941309895,0.027185532854315797,0.18841945603726762,82
0.8,0.03,0.06,0.05,7,0.19831830867590103,0.3064918838529498,0.3898520687487886,0.5087014397855938,0.0825063793592288,0.01928512945728933,0.19642682625380747,72
0.8,0.03,0.06,0.05,10,0.33390816843967547,0.9142767333640784,0.3245533777988356,1.0288235812065347,0.08675928551176637,0.04748763601149286,0.20042212456527286,74
0.8,0.03,0.06,0.05,14,0.36929236084012773,1.1207427601445663,0.32823140898575864,1.1250975705867035,0.09611567904734902,0.05518153552681215,0.20143116199288755,82
0.8,0.03,0.06,0.07,7,0.20809540481485075,0.3435771746168035,0.3512582836286778,0.5924284622276199,0.08789339381910972,0.02132558881650315,0.20592856997246506,72
0.8,0.03,0.06,0.07,10,0.38324816415437474,1.2503369674057279,0.3496454206500673,1.096105201211652,0.09384746243266232,0.059662762996515406,0.20971180279142457,74
0.8,0.03,0.06,0.07,14,0.4039251843679279,1.399805602721977,0.3245533777988357,1.2445570189637292,0.10320385596824497,0.06454281325752209,0.21075210620016502,82
0.8,0.03,0.08,0.03,7,0.07496057368935072,-0.08252020685311356,0.5173154713041275,0.14490301923578414,0.07655231074567621,-0.00613461606029031,0.20048324662937836,71
0.8,0.03,0.08,0.03,10,0.3204483736503506,0.8004505243143549,0.3588590254962421,0.8929645094120847,0.07825347320669124,0.042909649196064326,0.18792406261681224,70
0.8,0.03,0.08,0.03,14,0.1581802523144121,0.15961086694659188,0.47735443317264153,0.3313685624811284,0.08505812305075135,0.010636633543387175,0.20074221860122224,77
0.8,0.03,0.08,0.05,7,0.17901484639989051,0.22321411211682363,0.49549722274574265,0.3612832487897706,0.0952650978168415,0.01449976189828317,0.21265546526907736,67
0.8,0.03,0.08,0.05,10,0.43242630993452047,1.5364608171147909,0.3441814167714646,1.2563906383756047,0.09838389566203573,0.06876353129608614,0.2023150678572055,70
0.8,0.03,0.08,0.05,14,0.3482319943763748,1.037174545709377,0.45372987052965286,0.7674874787720564,0.10915792458179756,0.05215495360769462,0.21553872633203014,76
0.8,0.03,0.08,0.07,7,0.20698814595091683,0.32901096903773697,0.47697414297799196,0.43396093687298154,0.10093563935355826,0.020530457465388174,0.21623670169954487,67
0.8,0.03,0.08,0.07,10,0.48849744562906083,2.050378628323284,0.349645420650067,1.397122389650743,0.10547207258293168,0.08294526185346496,0.20878826413639465,70
0.8,0.03,0.08,0.07,14,0.3964937067783098,1.3775226708337525,0.4336732808752035,0.9142682389335562,0.11596257442585767,0.06383350685350653,0.21906833134258402,76
0.8,0.04,0.04,0.03,7,0.5487107541592093,1.4373654870886097,0.19577972854273784,2.802694427270228,0.04252906152537567,0.06572468596720715,0.13105864452200192,63
0.8,0.04,0.04,0.03,10,0.47191377548048496,1.1370527775725896,0.23380121046521177,2.0184402576080887,0.04819960306209243,0.05575928941412789,0.1331313839847732,65
0.8,0.04,0.04,0.03,14,0.5510153944267083,1.592941858066029,0.20017949225826817,2.7526066142469663,0.05443719875248086,0.07044660017543203,0.1411252264958338,74
0.8,0.04,0.04,0.05,7,0.35337160516327304,0.7517618978519887,0.24624876798120598,1.4350187741456752,0.05330309044513751,0.04086884054612305,0.14029096220692994,62
0.8,0.04,0.04,0.05,10,0.44898333459791706,1.1593881423563661,0.23765252925767452,1.8892428201810019,0.062943011057556,0.056543873379925724,0.14536209779388173,66
0.8,0.04,0.04,0.05,14,0.4390187473387358,1.1743300925681917,0.21988124724202746,1.9966175053368673,0.06889707967110859,0.05706454983314768,0.1521328511751285,74
0.8,0.04,0.04,0.07,7,0.29158937432043164,0.6120043298287792,0.2979230623919655,0.9787405244136459,0.05982421321236178,0.034703864856443944,0.15934137381237506,62
0.8,0.04,0.04,0.07,10,0.43799255053300384,1.296402569101517,0.22923482099841497,1.9106719852828655,0.0711652962857953,0.06119808230714541,0.16647703997216268,66
0.8,0.04,0.04,0.07,14,0.415801471519931,1.225809667653126,0.2675102020497521,1.5543387442195546,0.07711936489934788,0.05883334680365038,0.17251437937792824,74
0.8,0.04,0.06,0.03,7,0.24109550177994946,0.41626012102535315,0.4108368619238469,0.5868399944711854,0.05273603629146584,0.02517732396791783,0.15906858061996396,59
0.8,0.04,0.06,0.03,10,0.014527765225429418,-0.15092695944728896,0.4836025920141043,0.030040710007207146,0.05670541536716756,-0.011621687011208248,0.1623353809868882,61
0.8,0.04,0.06,0.03,14,0.2612288968260561,0.46447682858361805,0.4069593184733893,0.6419042026264294,0.06492770059540687,0.027632474330117063,0.1438152113080668,69
0.8,0.04,0.06,0.05,7,0.050040653170697794,-0.090397533415701,0.43547946132530363,0.11490933009425529,0.06577828182591437,-0.006746744143754868,0.16963157106976884,58
0.8,0.04,0.06,0.05,10,0.0644617367140391,-0.06021293210962397,0.4323661542148635,0.14909061702828147,0.07144882336263113,-0.004427282027582136,0.17103934900771608,61
0.8,0.04,0.06,0.05,14,0.22632626164064357,0.3790756965659492,0.37043627950267355,0.6109721810846827,0.07882052736036292,0.023230332565904677,0.15269518330840862,68
0.8,0.04,0.06,0.07,7,0.011127363014900853,-0.1979411143981774,0.4331946270686459,0.025686752142328767,0.07201587751630281,-0.015636164950123654,0.1841313400792491,58
0.8,0.04,0.06,0.07,10,0.05060706355795735,-0.11355665904707901,0.40843382622866164,0.12390517216765731,0.07910405443719876,-0.008575323532478696,0.18534784026797538,61
0.8,0.04,0.06,0.07,14,0.18902717663268895,0.28196770214699485,0.3549789714376339,0.5325024630815323,0.08732633966543805,0.017906038434853944,0.16890710755118604,68
0.8,0.04,0.08,0.03,7,0.13571772772839943,0.10253777077318182,0.4415798221912047,0.3073458543801702,0.060674794442869294,0.006998825480859949,0.17756693589966624,56
0.8,0.04,0.08,0.03,10,0.0650968341342085,-0.0515764767975887,0.5097019092530165,0.12771549988817948,0.06095832151970513,-0.0037763612587160544,0.16547461784608236,59
0.8,0.04,0.08,0.03,14,0.16966693257981094,0.21453783125644454,0.42399822390765296,0.4001595360851429,0.07258293166997448,0.013983924867683406,0.16497764632028564,65
0.8,0.04,0.08,0.05,7,-0.008237881099013068,-0.25229668573293984,0.45359019324990757,-0.01816150618246363,0.07541820243833286,-0.020559388868327644,0.18878374789591607,54
0.8,0.04,0.08,0.05,10,0.11203504127066748,0.0463261274727953,0.4610550197815456,0.2429971184865339,0.07882052736036292,0.0032408073798089188,0.1781361798944423,59
0.8,0.04,0.08,0.05,14,0.15484204975628782,0.17083507742949,0.3885245439886499,0.39853865644279934,0.08902750212645308,0.011332441995214548,0.1762444484814142,64
0.8,0.04,0.08,0.07,7,-0.03535736264620227,-0.3200260317135627,0.4506650107751506,-0.07845597461712653,0.08137227105188545,-0.02718161191219559,0.19611519917625528,54
0.8,0.04,0.08,0.07,10,0.10253175387138401,0.009651152594932322,0.4383322590989709,0.23391331973180965,0.08647575843493054,0.0006864927400438425,0.18890740245443258,59
0.8,0.04,0.08,0.07,14,0.15141704072125867,0.15758592480600475,0.3627437853579973,0.4174214606373557,0.09696626027785654,0.010510438351652107,0.18400457321089939,64
0.8,0.05,0.04,0.03,7,0.7736134913463036,2.0968403387242924,0.10780133472497343,7.176288617575781,0.03827615537283811,0.08411554490868545,0.11236135136581413,50
0.8,0.05,0.04,0.03,10,0.6553471723804511,1.5998110256863964,0.17232457006785865,3.802981618479512,0.04224553444853984,0.07064896631355055,0.11384729985002966,55
0.8,0.05,0.04,0.03,14,0.6742625334575818,1.837182334260624,0.17477184508064708,3.857958546735309,0.046498440601077405,0.07735358440929008,0.12126689764251739,63
0.8,0.05,0.04,0.05,7,0.5172010150918736,1.1639807249605143,0.2672847379261006,1.9350188832512776,0.04593138644740573,0.05670426453838817,0.12037091130341762,48
0.8,0.05,0.04,0.05,10,0.4715006995680725,1.0598633904355967,0.39005141552616884,1.2088167887611194,0.051601927984122484,0.05298791231128508,0.12606743939350679,55
0.8,0.05,0.04,0.05,14,0.5763392849292719,1.5762376870675863,0.1627317044597575,3.5416533418771934,0.05755599659767508,0.06995240939783298,0.13233737171812401,63
0.8,0.05,0.04,0.07,7,0.4230804025905739,0.9297606037472415,0.31195394688898076,1.3562271188097557,0.05216898213779416,0.048090741466259246,0.1309134492305333,48
0.8,0.05,0.04,0.07,10,0.38580607010794316,0.8461481269761839,0.46802815735460085,0.8243223490838774,0.059257159058690105,0.04477899169177402,0.1377931685011459,55
0.8,0.05,0.04,0.07,14,0.5243849367794207,1.4551525859704761,0.18853230721763883,2.7814062455305266,0.06492770059540687,0.066278491784318,0.14115696145324727,63
0.8,0.05,0.06,0.03,7,0.24954367031577357,0.42570932952761176,0.4243157077667866,0.5881084903246814,0.04167848029486816,0.025664521265115203,0.14906002913683455,47
0.8,0.05,0.06,0.03,10,0.1936233098214484,0.26663509269248276,0.47353694549577613,0.40888744091283474,0.044797278140062374,0.017031326084024467,0.14700996304231362,50
0.8,0.05,0.06,0.03,14,0.5209603621600127,1.3538630711799118,0.3858832480238153,1.3500465874793843,0.05500425290615254,0.063073589717763,0.1346355242684411,57
0.8,0.05,0.06,0.05,7,0.08582385489311775,0.006400438909733408,0.42118282694557907,0.20376864725352875,0.04905018429259994,0.00045595048508606517,0.15608395438669537,46
0.8,0.05,0.06,0.05,10,0.09862481891507967,0.03384185691951802,0.4706719272404885,0.20954047438798615,0.055571307059824215,0.002380776534664175,0.15723869081351036,50
0.8,0.05,0.06,0.05,14,0.5104798528477079,1.4126870702019891,0.3696927187533912,1.380822036660751,0.06662886305642189,0.0649500693275189,0.14309440972183493,56
0.8,0.05,0.06,0.07,7,0.1190761059757445,0.07531642482578937,0.3586094483675741,0.33204955005449743,0.05812305075134675,0.005201736242520294,0.1671466056244969,46
0.8,0.05,0.06,0.07,10,0.11984395160871811,0.07612611637997846,0.4618634675063366,0.2594791752111762,0.06492770059540687,0.005255796718207195,0.1682775475183955,50
0.8,0.05,0.06,0.07,14,0.5556995573136374,1.820533065698342,0.31826314631626007,1.74603803093631,0.07768641905301957,0.07690063745624731,0.1545715221215113,56
0.8,0.05,0.08,0.03,7,0.3183583174530799,0.6267207086267932,0.4223511076992799,0.7537764472486139,0.046498440601077405,0.03537593100463243,0.1442789145970174,45
0.8,0.05,0.08,0.03,10,0.17730213523879904,0.2226473913357363,0.4717403195214834,0.3758468969085535,0.04593138644740573,0.014466172121271326,0.14352588414274245,47
0.8,0.05,0.08,0.03,14,0.557320634515972,1.4655105359629834,0.38588324802381496,1.444272684471591,0.05727246952083924,0.06659927516719688,0.13091001819096354,53
0.8,0.05,0.08,0.05,7,0.1924705088991772,0.2683928401930602,0.41920753550094864,0.4591294110903253,0.05528777998298837,0.017132101530788146,0.1533868489629351,43
0.8,0.05,0.08,0.05,10,0.1275993829546671,0.10231262439203381,0.4688655240061009,0.2721449465177712,0.05812305075134675,0.006984131593114062,0.15581454663916144,46
0.8,0.05,0.08,0.05,14,0.5549331233551228,1.654700781830646,0.36969271875339127,1.5010658722908166,0.07201587751630281,0.07224841791182168,0.14430880451670414,52
0.8,0.05,0.08,0.07,7,0.19874262801974266,0.2921336771869756,0.35642061685343485,0.5576069919139061,0.06237595690388432,0.018480658742868528,0.1620597465617436,43
0.8,0.05,0.08,0.07,10,0.13974647816382124,0.12859084298684254,0.46585508084701,0.2999784351599998,0.06662886305642189,0.008680610669101085,0.16570845311729526,46
0.8,0.05,0.08,0.07,14,0.5859961075220264,1.9728422514918385,0.33250082860145985,1.7623899164005077,0.07995463566770626,0.08095489614033036,0.15251135559425788,52
